sensor_0,sensor_1,sensor_2,sensor_3,sensor_4,sensor_5,sensor_6,sensor_7,sensor_8,sensor_9,sensor_10,sensor_11,sensor_12,sensor_13,sensor_14,sensor_15,sensor_16,sensor_17,sensor_18,sensor_19
3030.93,2564.0,2187.7333,1411.1265,1.3602,100.0,97.6133,0.1242,1.5005,0.0162,-0.0034,0.9455,202.4396,0.0,7.9558,414.871,10.0433,0.968,192.3963,12.519
3095.78,2465.14,2230.4222,1463.6606,0.8294,100.0,102.3433,0.1247,1.4966,-0.0005,-0.0148,0.9627,200.547,0.0,10.1548,414.7347,9.2599,0.9701,191.2872,12.4608
2932.61,2559.94,2186.4111,1698.0172,1.5102,100.0,95.4878,0.1241,1.4436,0.0041,0.0013,0.9615,202.0179,0.0,9.5157,416.7075,9.3144,0.9674,192.7035,12.5404
2988.72,2479.9,2199.0333,909.7926,1.3204,100.0,104.2367,0.1217,1.4882,-0.0124,-0.0033,0.9629,201.8482,0.0,9.6052,422.2894,9.6924,0.9687,192.1557,12.4782
3032.24,2502.87,2233.3667,1326.52,1.5334,100.0,100.3967,0.1235,1.5031,-0.0031,-0.0072,0.9569,201.9424,0.0,10.5661,420.5925,10.3387,0.9735,191.6037,12.4735
2946.25,2432.84,2233.3667,1326.52,1.5334,100.0,100.3967,0.1235,1.5287,0.0167,0.0055,0.9699,200.472,0.0,8.6617,414.2426,9.2441,0.9747,191.228,12.4935
3030.27,2430.12,2230.4222,1463.6606,0.8294,100.0,102.3433,0.1247,1.5816,-0.027,0.0105,0.9591,202.0901,0.0,9.035,415.8852,9.999,0.9667,192.0912,12.4608
3058.88,2690.15,2248.9,1004.4692,0.7884,100.0,106.24,0.1185,1.5153,0.0157,0.0007,0.9481,202.417,0.0,13.6872,408.4017,9.6836,0.9687,192.7334,12.5263
2967.68,2600.47,2248.9,1004.4692,0.7884,100.0,106.24,0.1185,1.5358,0.0111,-0.0066,0.9494,202.4544,0.0,12.6837,417.6009,9.7046,0.9693,192.7498,12.5263
3016.11,2428.37,2248.9,1004.4692,0.7884,100.0,106.24,0.1185,1.5381,0.0159,0.0049,0.944,202.5999,0.0,12.4278,413.3677,9.7046,0.9667,192.8953,12.5263
2994.05,2548.21,2195.1222,1046.1468,1.3204,100.0,103.34,0.1223,1.5144,-0.019,0.0013,0.9433,201.7125,0.0,11.8566,411.9572,10.2918,0.9664,191.4207,12.4663
2928.84,2479.4,2196.2111,1605.7578,0.9959,100.0,97.9156,0.1257,1.469,0.017,-0.0154,0.9445,202.1264,0.0,9.1084,419.9018,10.113,0.9673,192.0134,12.5263
2920.07,2507.4,2195.1222,1046.1468,1.3204,100.0,103.34,0.1223,1.531,-0.0259,0.0216,0.9595,202.1269,0.0,8.4828,415.5185,9.5007,0.9666,192.6261,12.4186
3051.44,2529.27,2184.4333,877.6266,1.4668,100.0,107.8711,0.124,1.5236,-0.0209,-0.0031,0.9441,226.0086,0.0,9.7686,409.8885,10.4109,0.9516,215.5977,10.7029
2963.97,2629.48,2224.6222,947.7739,1.2924,100.0,104.8489,0.1197,1.4474,0.0144,-0.0119,0.9582,195.3787,0.0,9.7561,422.3675,9.7825,0.9692,185.5963,12.4582
2988.31,2546.26,2224.6222,947.7739,1.2924,100.0,104.8489,0.1197,1.5465,0.025,-0.0024,0.9616,192.9787,0.0,12.4364,424.7536,9.5917,0.9706,183.3869,12.4622
3028.02,2560.87,2270.2556,1258.4558,1.395,100.0,104.8078,0.1207,1.4368,0.015,-0.0037,0.9623,195.1742,0.0,12.1805,428.9826,9.1999,0.9673,185.9743,12.4761
3032.73,2517.79,2270.2556,1258.4558,1.395,100.0,104.8078,0.1207,1.5537,0.022,-0.0027,0.9613,195.3425,0.0,10.0002,420.4726,9.4147,0.9692,185.9278,12.4761
3040.34,2501.16,2207.3889,962.5317,1.2043,100.0,104.0311,0.121,1.5481,-0.0367,0.0014,0.9634,196.2746,0.0,8.4061,409.1399,9.847,0.9701,186.4275,12.5222
2988.3,2519.05,2208.8556,1157.7224,1.5509,100.0,107.8022,0.1233,1.5362,-0.0259,-0.0179,0.9614,197.1793,0.0,13.3419,404.5667,10.1924,0.9697,186.9869,12.5635
2987.32,2528.81,,,,,,0.1195,1.6343,-0.0263,0.0116,0.9587,200.8256,0.0,11.9224,414.306,9.7659,0.9661,191.0598,12.4761
,2481.85,2207.3889,962.5317,1.2043,100.0,104.0311,0.121,1.5559,0.0002,-0.0044,0.9617,196.6315,0.0,13.6262,410.695,10.3503,0.9684,186.2811,12.4761
3002.27,2497.45,2207.3889,962.5317,1.2043,100.0,104.0311,0.121,1.5465,0.0195,-0.0114,0.9491,199.6394,0.0,15.4346,418.2477,10.3647,0.9706,189.2748,12.4761
2884.74,2514.54,2160.3667,899.9488,1.4022,100.0,105.4978,0.124,1.5585,-0.0317,-0.0138,0.9638,196.1842,0.0,11.6229,434.7942,8.8407,0.9696,187.3435,12.4761
3010.41,2632.8,2203.9,1116.4129,1.2639,100.0,102.2733,0.1199,1.4227,0.0194,0.0073,0.9765,199.0177,0.0,4.704,406.7425,9.5066,0.9802,189.5111,12.5784
2979.74,2446.56,2257.1667,1437.9565,1.4918,100.0,106.34,0.1203,1.5136,0.0018,0.0058,0.958,205.9919,0.0,10.6611,413.1526,9.747,0.9559,196.2449,12.4222
3067.35,2456.33,2257.1667,1437.9565,1.4918,100.0,106.34,0.1203,1.486,-0.0019,-0.0056,0.9587,206.4033,0.0,14.8136,419.0913,9.8198,0.9567,196.5835,12.4222
2988.99,2607.63,2223.0333,1533.9934,1.3548,100.0,109.7067,0.1211,1.5582,-0.0101,0.0204,0.9572,199.6076,0.0,5.7692,405.8875,10.215,0.9715,189.3926,12.4231
2972.78,2431.57,2190.4889,1059.439,0.8614,100.0,102.1178,0.1216,1.5438,0.0065,0.0032,0.9589,206.4436,0.0,11.3083,403.4278,9.7745,0.9574,196.6691,12.5473
2981.85,2529.11,2180.3778,1208.7411,1.2998,100.0,100.2789,0.1209,1.42,-0.0016,0.0138,0.962,198.7199,0.0,6.8715,414.1525,8.6625,0.9629,190.0574,12.5473
2975.88,2489.7,2191.6667,1153.9011,1.2569,100.0,100.6767,0.121,1.4481,-0.0134,0.0177,0.9515,199.6605,0.0,7.3997,422.9413,9.8631,0.9596,189.7974,12.4222
3058.61,2492.36,2180.3778,1208.7411,1.2998,100.0,100.2789,0.1209,1.5602,0.0041,-0.0056,0.9595,206.5154,0.0,11.3994,417.3887,9.75,0.9582,196.7655,12.5473
3047.19,2524.18,2197.3111,969.891,1.3015,100.0,105.3911,0.1201,1.5837,-0.0266,-0.0029,0.9581,199.4722,0.0,11.6646,414.2214,9.7447,0.972,189.7275,12.4222
2981.31,2566.35,2197.3111,969.891,1.3015,100.0,105.3911,0.1201,1.5047,-0.0216,0.0064,0.9721,199.2977,0.0,9.5945,417.114,9.672,0.9726,189.6257,12.4278
2963.83,2457.64,2225.1777,1457.7934,1.2414,100.0,110.2789,0.1211,1.5374,-0.0177,0.017,0.9757,199.5802,0.0,7.203,419.3116,9.6398,0.9651,189.9403,12.5473
3040.72,2477.35,2191.6667,1153.9011,1.2569,100.0,100.6767,0.121,1.3475,-0.0152,0.0115,0.9517,200.1074,0.0,4.5248,400.7535,10.4472,0.9715,189.6602,12.2749
2989.47,2445.44,2223.1667,1522.5535,1.1981,100.0,110.6333,0.121,1.5316,-0.0194,0.0088,0.9614,199.2808,0.0,7.4758,422.0675,10.499,0.9758,188.7817,12.4231
2981.54,2302.46,2221.8445,1416.8211,1.1758,100.0,111.6278,0.121,1.44,-0.0163,0.0211,0.9651,199.6613,0.0,5.804,410.4105,9.4864,0.9629,190.1748,12.4231
2958.09,2542.24,2222.6778,1547.6125,1.4431,100.0,110.5644,0.1211,1.478,-0.0131,0.0079,0.9665,199.6664,0.0,5.4971,409.9835,9.7739,0.9731,189.8925,12.5724
3017.21,2530.67,2169.4667,1185.4449,1.2412,100.0,100.8444,0.1221,1.5335,0.0098,-0.0013,0.9605,200.1657,0.0,5.2868,420.1729,9.8035,0.9696,190.3622,12.4622
2962.14,2545.71,2221.5778,1503.623,1.1878,100.0,111.3444,0.1211,1.5424,-0.0177,0.014,0.9691,198.7302,0.0,6.4395,417.85,9.5543,0.9729,189.1758,12.5473
3017.1,2517.18,2180.3778,1208.7411,1.2998,100.0,100.2789,0.1209,1.4652,-0.0008,0.0137,0.9534,200.0984,0.0,5.7909,403.6371,10.0255,0.962,190.0729,12.4222
3021.26,2503.46,2180.3778,1208.7411,1.2998,100.0,100.2789,0.1209,1.5042,0.0082,0.0092,0.9542,199.8881,0.0,5.109,406.9902,10.0005,0.9623,189.8876,12.4222
3000.36,2748.67,2174.8666,1039.2291,1.0455,100.0,103.6,0.1221,1.5337,-0.0207,0.0067,0.9617,193.9873,0.0,5.5022,407.3229,10.194,0.9714,183.7933,12.2939
3047.78,2490.71,2166.5222,907.0746,1.0647,100.0,104.5211,0.1221,1.5764,-0.0219,-0.008,0.9611,202.1342,0.0,5.3695,414.0669,10.1081,0.967,192.0261,12.4871
2912.87,2446.25,2166.5222,907.0746,1.0647,100.0,104.5211,0.1221,1.5336,-0.0283,0.005,0.9625,201.7858,0.0,5.1046,408.7597,10.0934,0.9679,191.6925,12.4871
3076.38,2475.53,2166.5222,907.0746,1.0647,100.0,104.5211,0.1221,1.4919,-0.003,0.0034,0.9493,200.0401,0.0,13.9864,420.1404,10.6454,0.9748,189.3948,12.4871
3055.97,2788.4,2166.5222,907.0746,1.0647,100.0,104.5211,0.1221,1.5179,0.0114,0.011,0.948,199.9997,0.0,5.1376,421.5875,9.7465,0.9668,190.2532,12.4871
2993.59,2345.95,2169.4667,1185.4449,1.2412,100.0,100.8444,0.1221,1.5533,0.0173,0.0067,0.9606,199.3216,0.0,7.359,416.8137,9.7807,0.9695,189.5409,12.4622
2946.86,2533.91,2174.8666,1039.2291,1.0455,100.0,103.6,0.1221,1.5516,-0.0343,0.0065,0.9487,195.9192,0.0,4.7895,406.4293,10.2702,0.9684,185.649,12.4871
2942.31,2446.74,2172.9778,1222.6067,1.3658,100.0,101.84,0.122,1.5717,-0.0105,0.0052,0.962,201.4822,0.0,6.5073,418.8194,10.0409,0.9678,191.4413,12.4622
2993.14,2520.21,2180.6778,1230.6762,1.4095,100.0,103.3778,0.1205,1.5277,-0.0187,-0.0076,0.9453,200.4381,0.0,16.5926,426.847,10.2057,0.9663,190.2324,12.4871
2938.41,2466.78,2166.5222,907.0746,1.0647,100.0,104.5211,0.1221,1.471,0.0442,0.0146,0.9493,196.472,0.0,3.5131,397.7444,10.7124,0.9685,185.7595,12.4871
3058.98,2484.31,2172.9778,1222.6067,1.3658,100.0,101.84,0.122,1.5321,-0.0008,0.0047,0.9527,200.0029,0.0,13.4387,422.3048,10.6441,0.9768,189.3587,12.4278
2950.46,2398.44,2180.6778,1230.6762,1.4095,100.0,103.3778,0.1205,1.6486,-0.0239,0.0031,0.9453,200.4054,0.0,5.3316,422.2173,10.3876,0.9682,190.0178,12.4871
3060.03,2809.79,2166.5222,907.0746,1.0647,100.0,104.5211,0.1221,1.5512,-0.0019,0.0033,0.9439,199.4196,0.0,4.9034,427.5748,10.2718,0.9653,189.1478,12.4871
2983.09,2569.81,2206.5112,1244.1552,1.2691,100.0,101.6667,0.1229,1.4873,0.0362,0.0029,0.9574,199.7442,0.0,3.3665,393.6668,10.68,0.9738,189.0642,12.5235
2935.94,2586.05,2164.4111,1206.6031,0.9799,100.0,100.5189,0.122,1.4786,0.0049,0.0116,0.9613,198.6318,0.0,2.2493,396.9681,9.9522,0.9685,188.6797,12.4649
3004.09,2388.74,2223.8,1503.1248,1.1705,100.0,110.06,0.1211,1.4441,-0.0177,0.0263,0.9569,200.0352,0.0,4.2144,404.6055,11.0203,0.971,189.0149,12.5473
3020.76,2481.28,2197.3111,969.891,1.3015,100.0,105.3911,0.1201,1.5632,-0.0156,-0.001,0.9537,199.8442,0.0,5.2834,415.4686,10.6095,0.9719,189.2346,12.4278
3042.08,2694.31,2206.5112,1244.1552,1.2691,100.0,101.6667,0.1229,1.5928,0.0163,-0.0042,0.9667,191.1495,0.0,4.173,396.881,9.932,0.9722,181.2176,12.5235
3000.56,2541.92,2220.5445,1192.8757,1.3872,100.0,106.2567,0.1218,1.5644,0.0201,0.0044,0.9644,191.4789,0.0,10.2455,410.013,9.1397,0.9729,182.3391,12.5235
2990.22,2483.66,2206.5112,1244.1552,1.2691,100.0,101.6667,0.1229,1.4729,0.0206,0.003,0.9755,191.225,0.0,11.4142,408.2936,9.1557,0.9799,182.0693,12.5724
3016.64,2492.8,2246.4889,1006.9548,1.0997,100.0,103.3222,0.1184,1.5068,0.0126,-0.0023,0.9649,201.893,0.0,11.4445,425.767,8.8833,0.9692,193.0096,12.4247
2980.84,2628.76,2187.5222,1268.6598,1.4503,100.0,102.4622,0.1233,1.4672,-0.0088,0.0071,0.9682,195.2619,0.0,14.1603,426.2799,9.1136,0.9742,186.1483,
2847.81,2461.38,2202.7111,1010.4454,1.0032,100.0,104.3067,0.1225,1.497,-0.0077,0.0068,0.9679,195.6413,0.0,9.973,409.5656,9.708,0.9741,185.9333,12.4659
,2544.52,2202.7111,1010.4454,1.0032,100.0,104.3067,0.1225,1.4727,-0.0044,0.0136,0.9696,195.4928,0.0,15.9505,429.7235,9.0959,0.975,186.3969,12.4659
2975.64,2508.28,2202.7111,1010.4454,1.0032,100.0,104.3067,0.1225,1.5079,-0.0086,0.007,0.9663,195.5961,0.0,17.1168,430.6053,9.118,0.9727,186.478,12.4247
3066.19,2702.64,2246.4889,1006.9548,1.0997,100.0,103.3222,0.1184,1.444,0.0007,0.009,0.9671,194.4585,0.0,17.2065,428.5948,9.7637,0.9724,184.6948,12.4659
2873.35,2565.8,2220.5445,1192.8757,1.3872,100.0,106.2567,0.1218,1.5569,0.0189,0.0077,0.968,201.6988,0.0,10.158,405.8365,9.3711,0.9622,192.3277,12.5235
3045.03,2315.76,2246.4889,1006.9548,1.0997,100.0,103.3222,0.1184,1.5693,0.0064,-0.0058,0.9682,201.5153,0.0,12.655,418.8553,9.3955,0.9622,192.1198,12.4247
3090.18,2375.49,2191.6667,1107.433,1.3529,100.0,103.4233,0.1206,1.5769,-0.0359,0.0076,0.9653,195.9164,0.0,5.9519,408.6125,9.8426,0.9731,186.0737,12.5235
2955.85,2623.1,2191.6667,1107.433,1.3529,100.0,103.4233,0.1206,1.4395,0.0012,0.0011,0.9556,200.1743,0.0,7.3859,400.351,10.1235,0.9724,190.0507,12.4247
3006.23,2424.37,2220.5445,1192.8757,1.3872,100.0,106.2567,0.1218,1.4829,-0.0176,0.0064,0.9642,195.4162,0.0,4.5654,395.9865,10.5025,0.9716,184.9138,12.4871
2958.05,2450.25,2199.3334,1017.9399,1.2414,100.0,100.5544,0.1214,1.4981,0.0234,-0.0042,0.9536,202.5742,0.0,4.0799,399.0785,9.902,0.9632,192.6721,
2999.72,2492.29,2191.6667,1107.433,1.3529,100.0,103.4233,0.1206,1.4656,-0.0103,-0.0029,0.9589,199.6948,0.0,8.3864,402.8367,10.1394,0.9755,189.5554,12.4743
2918.9,2500.41,2183.4333,1582.5646,1.3601,100.0,99.0267,0.124,1.4408,0.0247,0.0022,0.9511,202.15,0.0,3.1509,403.2555,9.946,0.9693,192.204,12.5088
2926.07,2505.73,2191.6667,1107.433,1.3529,100.0,103.4233,0.1206,1.5371,-0.016,0.0022,0.9528,200.1845,0.0,3.4345,427.1292,9.9707,0.9704,190.2138,12.4247
3032.89,2500.81,2183.4333,1582.5646,1.3601,100.0,99.0267,0.124,1.4615,-0.0034,-0.0042,0.9581,199.5653,0.0,9.0188,405.2932,10.0926,0.974,189.4727,12.4743
2865.31,2531.75,2246.4889,1006.9548,1.0997,100.0,103.3222,0.1184,1.5264,0.017,-0.0099,0.9613,201.4855,0.0,12.9025,419.9636,9.4946,0.9555,191.9909,12.4247
2855.8,2537.35,2183.4333,1582.5646,1.3601,100.0,99.0267,0.124,1.4912,-0.0004,-0.0016,0.9681,199.2058,0.0,10.6604,397.5674,10.3558,0.974,188.85,12.4659
2930.22,2417.85,2246.4889,1006.9548,1.0997,100.0,103.3222,0.1184,1.5218,-0.0283,-0.001,0.9584,195.8258,0.0,5.132,410.2025,8.8623,0.9732,186.9636,12.4659
2971.99,2502.62,2239.3,1192.7495,1.2479,100.0,100.1189,0.1187,1.5824,-0.0006,0.0064,0.9649,201.9597,0.0,4.7482,404.6931,9.6496,0.9695,192.31,12.4659
2940.53,2459.87,2202.7111,1010.4454,1.0032,100.0,104.3067,0.1225,1.5884,-0.0108,0.0165,0.9558,194.6922,0.0,7.5957,427.1576,8.9623,0.9718,185.7299,12.5088
2916.41,2503.59,2246.4889,1006.9548,1.0997,100.0,103.3222,0.1184,1.6026,-0.0252,0.0033,0.9645,199.4803,0.0,8.0833,397.9443,10.204,0.977,189.2763,12.5724
3047.67,2565.03,2199.3334,1017.9399,1.2414,100.0,100.5544,0.1214,1.488,0.0252,-0.0044,0.9489,202.287,0.0,2.908,416.8999,9.9919,0.969,192.2951,12.4771
3082.45,2739.19,2199.3334,1017.9399,1.2414,100.0,100.5544,0.1214,1.5553,0.0245,-0.0111,0.9609,202.2491,0.0,12.4225,405.7057,10.3618,0.9597,191.8873,12.4771
3088.82,2655.37,2183.4556,955.9073,1.1048,100.0,102.6978,0.1223,1.3296,-0.0011,0.0007,0.9537,202.6471,0.0,4.0536,405.261,10.1496,0.9775,192.4975,12.4882
3090.42,2531.98,2265.1889,1740.3297,1.4715,100.0,100.3889,0.1222,1.3167,0.0428,0.023,0.9511,202.1463,0.0,4.7155,415.6802,10.17,0.9758,191.9762,12.4882
3031.9,2414.83,2191.9,1936.7653,1.5291,100.0,98.1244,0.1254,1.4989,-0.0042,-0.0009,0.9673,199.629,0.0,11.7405,427.7605,9.4636,0.9657,190.1654,12.4743
3029.16,2519.68,2265.1889,1740.3297,1.4715,100.0,100.3889,0.1222,1.4527,-0.0077,-0.0098,0.9487,201.701,0.0,4.7764,405.1486,10.1361,0.9747,191.5649,12.4967
3040.63,2547.43,2174.8666,1039.2291,1.0455,100.0,103.6,0.1221,1.5867,0.0086,0.0349,0.9534,194.3909,0.0,4.6731,403.3538,10.0685,0.9696,184.3224,12.4278
3039.93,2447.89,2246.4889,1006.9548,1.0997,100.0,103.3222,0.1184,1.5414,-0.0095,-0.0167,0.9631,193.9698,0.0,8.1787,412.8356,9.9865,0.9698,183.9833,12.4278
2922.94,2478.55,2193.1555,1172.6226,1.2752,100.0,101.1111,0.1209,1.5024,-0.0039,0.0008,0.9629,199.6448,0.0,9.4702,404.7365,9.3991,0.971,190.2458,12.5698
3046.33,2545.34,2172.3666,1752.3206,1.3622,100.0,97.2633,0.1269,1.5409,-0.0097,0.0043,0.9612,199.6455,0.0,3.8361,399.7667,10.1871,0.9685,189.4584,12.5088
3081.07,2560.99,2180.1556,1822.5073,1.2579,100.0,98.1289,0.1261,1.5048,-0.0108,0.007,0.9477,203.2749,0.0,13.4292,408.6389,10.0165,0.9668,193.2584,12.4771
2992.4,2467.07,2191.6667,1107.433,1.3529,100.0,103.4233,0.1206,1.4993,-0.0091,0.0006,0.9549,199.6784,0.0,7.6212,395.5722,10.1679,0.972,189.5104,12.4659
3049.31,2453.82,2265.1889,1740.3297,1.4715,100.0,100.3889,0.1222,1.531,0.0006,0.0028,0.9649,198.6113,0.0,15.4785,422.5091,10.3122,0.9712,188.2991,12.4882
3011.49,2537.9,2183.4556,955.9073,1.1048,100.0,102.6978,0.1223,1.6227,0.0062,0.0194,0.9649,198.9,0.0,14.0894,416.6665,10.3165,0.9711,188.5834,12.4882
2913.15,2544.52,2232.5889,1717.275,1.67,100.0,104.1067,0.1223,1.5115,-0.01,0.0053,0.977,198.4355,0.0,10.179,405.2096,9.1935,0.9806,189.242,12.5724
3080.26,2526.82,2265.1889,1740.3297,1.4715,100.0,100.3889,0.1222,1.5035,0.0046,0.0041,0.9648,199.0475,0.0,14.4227,415.8519,10.2777,0.9712,188.7698,12.4882
3070.5,2439.13,2209.9222,1693.5732,1.3918,100.0,99.0811,0.125,1.3609,-0.0003,-0.0046,0.9563,208.2673,0.0,17.8597,422.9505,9.5313,0.9537,198.736,12.4882
2960.18,2459.62,2213.7667,1679.3498,1.0685,100.0,98.1978,0.1235,1.4581,0.0002,0.0004,0.9598,208.633,0.0,18.8626,421.8025,9.5094,0.9573,199.1236,
2960.65,2436.17,2265.1889,1740.3297,1.4715,100.0,100.3889,0.1222,1.5748,-0.0062,-0.0024,0.9646,197.6366,0.0,15.0233,418.0322,10.3441,0.971,187.2925,12.4967
3000.46,2523.08,2191.9,1936.7653,1.5291,100.0,98.1244,0.1254,1.4051,-0.0276,-0.0093,0.956,199.3181,0.0,12.9074,432.9016,9.4655,0.9735,189.8525,12.4371
2946.86,2474.05,2220.7111,1064.8446,0.9747,100.0,103.0567,0.1193,1.4039,0.0088,0.0169,0.9455,206.3514,0.0,5.9532,400.1708,10.3933,0.9569,195.9582,
2831.91,2433.96,2171.9,1811.8799,1.3811,100.0,99.22,0.1276,1.3985,-0.0092,0.0044,0.9561,199.4706,0.0,13.4953,426.9365,9.4541,0.9736,190.0165,12.4867
2872.4,2607.75,2172.3666,1752.3206,1.3622,100.0,97.2633,0.1269,1.4876,0.0018,0.0094,0.951,203.3075,0.0,3.636,404.9856,9.8652,0.9606,193.4424,
3054.78,2479.17,2171.9,1811.8799,1.3811,100.0,99.22,0.1276,1.4321,-0.0114,0.0026,0.9539,199.6391,0.0,13.0316,425.6525,9.4543,0.9726,190.1848,12.5698
3086.88,2395.85,2171.9,1811.8799,1.3811,100.0,99.22,0.1276,1.4639,-0.0091,-0.0063,0.9501,202.7572,0.0,12.7841,416.9489,10.3001,0.96,192.4571,12.469
2913.42,2437.69,2220.7111,1064.8446,0.9747,100.0,103.0567,0.1193,1.5242,0.0221,0.0153,0.9689,199.3755,0.0,4.4125,404.9075,10.7339,0.9731,188.6416,12.4743
3039.57,2583.78,2197.8445,1907.8909,1.1799,100.0,99.6667,0.1247,1.5847,0.0283,0.0118,0.9668,199.0997,0.0,6.0177,408.9852,10.077,0.9745,189.0227,
2958.13,2485.57,2197.8667,1888.0388,1.1988,100.0,100.2811,0.1247,1.5497,-0.0019,0.0029,0.964,199.0418,0.0,13.6445,406.2111,9.4815,0.9616,189.5602,12.4371
2928.16,2523.21,2210.6111,1184.6481,1.2577,100.0,102.9356,0.1201,1.4453,-0.0126,0.0152,0.9424,198.8602,0.0,4.7513,406.291,10.2926,0.9517,188.5676,12.5698
2951.2,2418.83,2181.1555,988.766,0.9454,100.0,101.3611,0.1215,1.4634,-0.0094,0.0006,0.9661,201.8303,0.0,12.7948,407.8339,10.2747,0.9714,191.5555,12.5849
3002.85,2502.05,2232.5889,1717.275,1.67,100.0,104.1067,0.1223,1.4518,0.0066,0.0151,0.9659,198.8576,0.0,5.7237,403.9325,9.4372,0.9735,189.4203,12.4827
3046.34,2307.24,2178.1444,1074.5145,1.226,100.0,101.0956,0.1218,1.4443,0.0008,-0.0059,0.9492,202.9989,0.0,11.7968,401.278,10.286,0.9596,192.7129,12.5698
,2810.12,2232.5889,1717.275,1.67,100.0,104.1067,0.1223,1.5166,-0.0141,0.009,0.9496,202.8416,0.0,15.2822,422.8612,10.4161,0.9609,192.4255,12.5088
2985.11,2496.73,2220.7111,1064.8446,0.9747,100.0,103.0567,0.1193,1.474,0.0024,0.0069,0.9438,206.4474,0.0,5.8117,401.2955,10.3131,0.9561,196.1343,12.5698
2943.58,2512.49,2171.9,1811.8799,1.3811,100.0,99.22,0.1276,1.4046,-0.008,0.004,0.9663,199.0794,0.0,11.4788,404.3473,9.1952,0.9733,189.8842,12.5698
2992.89,2481.43,2183.4556,955.9073,1.1048,100.0,102.6978,0.1223,1.4649,0.0309,-0.0068,0.9657,199.6813,0.0,18.1408,411.6088,10.3346,0.9721,189.3467,
2962.27,2495.35,2171.9,1811.8799,1.3811,100.0,99.22,0.1276,1.5385,0.0329,-0.001,0.9662,199.2753,0.0,11.7113,399.6304,10.2041,0.9734,189.0711,12.4371
3043.67,2518.21,2222.3222,1678.9669,1.5099,100.0,99.6944,0.1248,1.537,-0.0013,0.0006,0.9563,197.9708,0.0,9.6926,415.1418,10.786,0.9724,187.1847,12.4659
3024.46,2468.33,2222.3333,1720.9033,1.315,100.0,100.3989,0.1231,1.5374,-0.0131,-0.0007,0.9522,210.5179,0.0,5.6793,417.4052,10.3635,0.9566,200.1544,
3032.81,2534.74,2239.4223,1997.3782,1.5397,100.0,98.3356,0.1229,1.4974,-0.0046,-0.0002,0.9629,201.6839,0.0,16.8343,426.7663,9.5521,0.9781,192.1317,12.5022
3020.12,2416.73,2196.6555,1066.1908,1.2188,100.0,101.89,0.1211,1.3642,-0.0167,0.0033,0.9669,197.5256,0.0,12.6505,415.3988,10.1442,0.9785,187.3814,12.3376
2955.3,2460.08,2191.9,1936.7653,1.5291,100.0,98.1244,0.1254,1.4125,-0.0003,0.014,0.9636,198.4576,0.0,12.5444,415.0011,9.1855,0.9716,189.2721,12.4247
3100.44,2690.99,2239.4223,1997.3782,1.5397,100.0,98.3356,0.1229,1.543,0.0059,-0.0057,0.9742,200.121,0.0,2.8173,415.4615,10.5682,0.9716,189.5527,12.5022
2976.48,2502.96,2232.5889,1717.275,1.67,100.0,104.1067,0.1223,1.4306,0.0383,-0.0045,0.9666,198.2496,0.0,5.0234,403.6461,9.6527,0.9738,188.5969,12.4247
3056.5,2481.09,2220.4444,1637.2946,1.368,100.0,100.5189,0.1231,1.4402,-0.018,-0.0013,0.9668,202.7691,0.0,5.2075,408.731,9.6506,0.9636,193.1185,12.4659
3017.5,2634.3,2183.4556,955.9073,1.1048,100.0,102.6978,0.1223,1.47,-0.0092,0.0083,0.9514,210.618,0.0,5.8718,420.8003,10.3046,0.9563,200.3134,12.4659
3003.13,2714.3,2171.9,1811.8799,1.3811,100.0,99.22,0.1276,1.424,-0.008,0.0074,0.9557,199.1319,0.0,5.5904,414.1055,9.7109,0.9732,189.421,12.469
2924.23,2531.34,2196.6555,1066.1908,1.2188,100.0,101.89,0.1211,1.3872,-0.0089,0.0028,0.9513,197.6882,0.0,12.6325,414.5268,10.4655,0.9604,187.2226,12.4247
3023.86,2432.85,2172.3666,1752.3206,1.3622,100.0,97.2633,0.1269,1.4712,-0.015,0.0056,0.9669,199.5552,0.0,10.0725,406.1241,9.3766,0.9741,190.1786,12.4743
3020.46,2477.86,2242.2444,1695.7049,1.4215,100.0,99.9944,0.1215,1.4845,-0.0079,-0.0004,0.9661,200.0653,0.0,3.4456,415.2112,9.7499,0.9709,190.3154,12.4961
3035.71,2567.29,2222.3222,1678.9669,1.5099,100.0,99.6944,0.1248,1.3325,0.0067,0.0098,0.9613,202.5176,0.0,6.1052,402.1135,9.7481,0.9594,192.7696,12.4371
2917.86,2490.86,2178.1444,1074.5145,1.226,100.0,101.0956,0.1218,1.4704,0.0024,0.0124,0.9614,197.6029,0.0,4.111,397.7479,10.7572,0.97,186.8457,12.4371
3044.46,2497.58,2178.1444,1074.5145,1.226,100.0,101.0956,0.1218,1.3714,0.0037,0.007,0.9802,197.7226,0.0,13.1215,405.3276,9.9339,0.9796,187.7887,12.5849
2959.65,2576.84,2171.9,1811.8799,1.3811,100.0,99.22,0.1276,1.4523,-0.0032,0.0093,0.9602,198.3949,0.0,3.0397,427.7382,9.712,0.9705,188.6829,12.5698
2936.3,2473.27,2181.1555,988.766,0.9454,100.0,101.3611,0.1215,1.3809,-0.0025,-0.0149,0.9725,197.7873,0.0,10.7997,405.0256,9.4602,0.9744,188.3271,12.5386
3001.41,2581.07,2224.4778,994.9032,1.2834,100.0,101.8267,0.1191,1.5668,-0.0074,-0.0074,0.9624,202.3423,0.0,12.2894,407.8117,10.0681,0.9607,192.2742,12.5816
3072.73,2587.6,2224.4778,994.9032,1.2834,100.0,101.8267,0.1191,1.4491,0.0015,-0.0036,0.9649,202.4693,0.0,10.3889,402.1235,10.1625,0.963,192.3068,12.5816
2989.63,2364.73,2196.6555,1066.1908,1.2188,100.0,101.89,0.1211,1.4921,-0.0113,0.0136,0.9534,198.8279,0.0,12.0343,424.5715,10.4762,0.9703,188.3518,12.5698
3027.1,2374.5,2222.3222,1678.9669,1.5099,100.0,99.6944,0.1248,1.4149,-0.0041,0.0036,0.9533,198.1227,0.0,11.1383,401.5993,10.1297,0.9717,187.993,12.4743
2950.0,2539.37,2196.6555,1066.1908,1.2188,100.0,101.89,0.1211,1.4786,0.0017,-0.008,0.9757,197.6278,0.0,12.4346,399.7357,10.6526,0.9707,186.9752,12.4743
3095.5,2394.58,2196.6555,1066.1908,1.2188,100.0,101.89,0.1211,1.4785,-0.0205,-0.0057,0.9681,197.5659,0.0,12.0865,407.8535,10.098,0.9791,187.4679,12.3376
3049.19,2406.22,2222.3222,1678.9669,1.5099,100.0,99.6944,0.1248,1.4599,0.0032,0.0067,0.9624,202.3733,0.0,4.5888,400.9583,9.7663,0.9602,192.607,12.4371
3050.47,2515.3,2242.2444,1695.7049,1.4215,100.0,99.9944,0.1215,1.5572,0.0003,-0.0031,0.9632,202.5378,0.0,5.5943,420.9981,10.5235,0.9588,192.0143,12.4247
2957.73,2581.93,2224.4778,994.9032,1.2834,100.0,101.8267,0.1191,1.5637,-0.0137,-0.0048,0.9691,202.688,0.0,6.0188,415.117,10.54,0.9733,192.1481,12.4216
2963.35,2537.4,2222.0,1630.1128,1.3555,100.0,100.0144,0.1231,1.4416,-0.0037,-0.0035,0.9514,202.8599,0.0,3.5932,398.9811,10.4996,0.9608,192.3604,12.4771
2983.27,2522.16,2219.8222,1032.5542,1.2795,100.0,102.3356,0.1195,1.5708,-0.0139,-0.0027,0.9597,197.3481,0.0,11.5545,421.3891,10.1964,0.972,187.1517,12.4796
3095.06,2494.55,2180.1556,1822.5073,1.2579,100.0,98.1289,0.1261,1.5796,0.0103,-0.0029,0.9531,199.63,0.0,5.7765,418.4673,10.5284,0.9721,189.1017,12.4253
2999.18,2560.67,2222.3222,1678.9669,1.5099,100.0,99.6944,0.1248,1.4635,0.0001,0.0047,0.9564,198.2386,0.0,11.792,420.1566,9.9372,0.9641,188.3014,
2939.56,2557.94,2242.2444,1695.7049,1.4215,100.0,99.9944,0.1215,1.4313,0.0022,0.0085,0.9608,201.9255,0.0,5.7457,419.8092,9.6793,0.97,192.2461,12.4827
2973.86,2359.01,2196.6555,1066.1908,1.2188,100.0,101.89,0.1211,1.4544,-0.0052,-0.0003,0.9554,198.2289,0.0,9.5221,403.3885,10.7177,0.972,187.5112,12.469
3052.82,2525.33,2186.2667,1088.7359,1.2723,100.0,103.5633,0.1212,1.4891,-0.0007,-0.0088,0.96,202.7228,0.0,2.4472,412.4277,10.7668,0.974,191.9561,12.5098
2914.47,2492.14,2181.6111,1083.3937,1.2484,100.0,104.1478,0.1216,1.5568,-0.0214,-0.0043,0.9515,202.4492,0.0,2.9634,414.3435,10.5142,0.9738,191.935,12.4371
2959.86,2491.19,2208.0,1835.9832,1.5714,100.0,100.2478,0.1238,1.468,0.0033,0.0018,0.9649,196.7845,0.0,3.3456,419.7146,8.0711,0.9787,188.7133,12.3376
2964.77,2524.44,2181.5111,1177.083,1.3012,100.0,100.9333,0.1215,1.4047,-0.008,0.0038,0.963,195.5249,0.0,11.7113,408.0994,9.8767,0.9748,185.6482,12.5098
3045.7,2456.17,2184.8778,960.8486,1.016,100.0,102.5333,0.1214,1.5859,-0.0139,-0.0085,0.9652,198.1573,0.0,4.2038,411.9064,9.4522,0.9595,188.7051,12.5563
3057.03,2468.41,2184.8778,960.8486,1.016,100.0,102.5333,0.1214,1.4549,-0.0125,-0.0196,0.9579,201.0679,0.0,19.5465,429.0356,9.6394,0.9579,191.4285,12.5563
2969.52,2546.75,2221.9444,1551.6947,1.5296,100.0,99.2678,0.1222,1.4519,-0.0206,0.0026,0.9649,198.8842,0.0,3.6676,405.2775,9.9547,0.973,188.9295,12.5022
2892.37,2517.09,2184.8778,960.8486,1.016,100.0,102.5333,0.1214,1.458,0.0063,-0.0133,0.9581,200.4383,0.0,12.7227,416.5171,9.7123,0.9577,190.726,12.5549
3026.77,2474.32,2181.6111,1083.3937,1.2484,100.0,104.1478,0.1216,1.4059,-0.0083,0.0059,0.9636,196.5244,0.0,13.1655,411.0683,10.2585,0.9722,186.2659,12.4771
2999.01,2447.29,2217.7556,1349.3451,1.2793,100.0,105.31,0.1237,1.5554,-0.0127,0.0041,0.9531,199.3222,0.0,3.3901,400.1254,10.5147,0.9712,188.8075,12.4796
3072.75,2581.18,2221.9444,1551.6947,1.5296,100.0,99.2678,0.1222,1.4704,-0.0159,0.0082,0.9759,198.4669,0.0,4.4656,406.2116,9.4018,0.9745,189.0652,12.548
3090.97,2469.6,2218.7889,1622.3514,1.2043,100.0,98.2667,0.1224,1.5129,-0.0152,-0.0038,0.9584,198.9612,0.0,10.6658,409.2243,9.6762,0.9578,189.285,12.5563
2889.26,2529.16,2184.8778,960.8486,1.016,100.0,102.5333,0.1214,1.5285,-0.0073,0.0003,0.9698,197.595,0.0,4.4969,410.5465,9.4154,0.9631,188.1796,12.5102
2964.85,2493.32,2218.7889,1622.3514,1.2043,100.0,98.2667,0.1224,1.4377,-0.0126,-0.0008,0.9618,199.641,0.0,9.3781,412.8914,9.7516,0.9613,189.8894,12.5563
3041.56,2508.56,2184.8778,960.8486,1.016,100.0,102.5333,0.1214,1.5473,-0.0128,0.0032,0.9496,200.0665,0.0,4.8999,409.967,9.9098,0.9601,190.1566,12.5102
2908.06,2465.07,2221.9444,1551.6947,1.5296,100.0,99.2678,0.1222,1.4435,-0.0119,-0.0013,0.9609,200.4927,0.0,6.3614,418.3739,9.9009,0.9687,190.5918,12.5022
2949.65,2335.06,2184.8778,960.8486,1.016,100.0,102.5333,0.1214,1.5186,-0.0048,-0.0042,0.9786,197.6454,0.0,4.9655,405.0443,9.4318,0.9728,188.2137,12.5506
2954.44,2576.94,2221.9444,1551.6947,1.5296,100.0,99.2678,0.1222,1.4767,-0.0073,0.0146,0.9622,198.4958,0.0,4.6105,418.5487,9.9242,0.9691,188.5717,12.5037
3018.0,2320.05,2248.4222,1418.5634,1.4905,100.0,102.6444,0.1212,1.5792,0.0016,0.0177,0.9022,198.6815,0.0,4.4432,401.3819,9.3644,0.9083,189.3171,12.5486
2929.2,2486.59,2234.6111,1590.1699,1.2049,100.0,98.7567,0.1208,1.5884,0.0097,0.0031,0.9738,197.0611,0.0,4.023,409.6585,9.7024,0.9714,187.3587,12.5506
3071.09,2521.23,2248.4222,1418.5634,1.4905,100.0,102.6444,0.1212,1.6138,0.0146,0.008,0.9534,199.309,0.0,4.6595,427.4906,9.5947,0.9718,189.7143,12.5698
3033.95,2505.4,2248.4222,1418.5634,1.4905,100.0,102.6444,0.1212,1.3868,-0.0023,0.0035,0.9679,197.5779,0.0,5.2679,423.2805,9.8714,0.9789,187.7066,12.3376
3075.87,2501.93,2248.4222,1418.5634,1.4905,100.0,102.6444,0.1212,1.5442,-0.0108,0.006,0.9723,202.3061,0.0,4.5056,419.2395,9.9055,0.9768,192.4006,12.3376
2846.07,2514.66,2234.6111,1590.1699,1.2049,100.0,98.7567,0.1208,1.5622,0.0167,-0.0117,0.9698,198.117,0.0,14.0406,414.3115,10.6319,0.9798,187.4852,12.5724
2916.54,2480.64,2256.1222,1226.2217,1.4656,100.0,106.3122,0.1209,1.5496,0.0106,0.0001,0.9678,198.1241,0.0,4.4218,405.6806,9.8774,0.9778,188.2466,12.5724
3058.89,2504.38,2221.9444,1551.6947,1.5296,100.0,99.2678,0.1222,1.4068,0.0057,0.0033,0.9755,198.6727,0.0,13.2758,408.0131,9.5528,0.9736,189.1198,12.5506
2997.07,2543.11,2256.1222,1226.2217,1.4656,100.0,106.3122,0.1209,1.4779,0.0052,-0.0013,0.9687,198.3858,0.0,3.6439,404.3204,9.5153,0.9737,188.8705,12.5724
2928.03,2497.03,2221.9444,1551.6947,1.5296,100.0,99.2678,0.1222,1.4494,-0.0013,0.0042,0.9594,201.4312,0.0,4.4757,414.649,9.8867,0.9673,191.5444,12.5037
3028.65,2455.14,2228.0555,1816.9286,1.2244,100.0,100.2256,0.1231,1.4554,-0.0267,0.0027,0.9522,202.9727,0.0,9.87,406.5015,9.941,0.9611,193.0317,12.469
2943.34,2485.0,2234.6111,1590.1699,1.2049,100.0,98.7567,0.1208,1.6081,0.0143,-0.0146,0.969,197.8468,0.0,11.8339,402.5961,10.6284,0.9793,187.2184,12.3376
3022.71,2511.09,2220.7111,1064.8446,0.9747,100.0,103.0567,0.1193,1.4976,0.0056,-0.0011,0.9566,199.6705,0.0,11.8975,420.7429,10.0516,0.9728,189.6189,12.5088
2936.64,2509.65,2221.9444,1551.6947,1.5296,100.0,99.2678,0.1222,1.51,-0.0174,0.008,0.972,200.3313,0.0,4.7401,428.7618,9.3127,0.9698,191.0186,12.548
3035.2,2662.19,2221.9444,1551.6947,1.5296,100.0,99.2678,0.1222,1.4616,-0.0018,0.0097,0.9722,200.4544,0.0,9.5362,404.1228,9.6716,0.97,190.7828,12.5506
3074.69,2391.71,2221.9444,1551.6947,1.5296,100.0,99.2678,0.1222,1.4746,-0.011,0.0285,0.9737,201.0161,0.0,5.1672,417.2615,9.4571,0.9718,191.5589,12.548
2938.03,2480.9,2138.8778,1046.6043,1.2559,100.0,103.34,0.124,1.4701,-0.0056,0.0107,0.9723,200.7632,0.0,6.1867,421.2201,9.9513,0.977,190.8119,12.5849
3024.74,2553.6,2171.8111,1007.2396,1.4598,100.0,104.7444,0.1252,1.4957,-0.0119,0.0129,0.9453,197.284,0.0,14.6304,409.4658,10.0903,0.9666,187.1937,12.6202
3109.01,2487.16,2171.8111,1007.2396,1.4598,100.0,104.7444,0.1252,1.603,-0.0158,0.0097,0.9518,197.6224,0.0,9.9939,411.0956,10.083,0.9705,187.5394,12.6202
2956.64,2436.12,2139.2667,1123.345,1.3699,100.0,102.2522,0.1254,1.384,-0.015,0.0095,0.9622,197.9232,0.0,12.7786,406.3874,10.0985,0.9703,187.8247,12.5547
3024.15,2521.24,2191.7889,1133.3967,1.3808,100.0,106.6711,0.1237,1.6035,0.0023,0.0114,0.9446,200.2513,0.0,6.0457,422.7032,10.0974,0.9667,190.1539,12.6202
2997.41,2401.53,2139.2667,1123.345,1.3699,100.0,102.2522,0.1254,1.4845,-0.0326,0.0097,0.9621,197.5258,0.0,13.377,405.1345,10.3797,0.9702,187.1461,12.5547
3030.17,2559.12,2220.7111,1064.8446,0.9747,100.0,103.0567,0.1193,1.515,0.0031,0.0097,0.9528,203.0877,0.0,10.7258,395.2285,10.5223,0.9614,192.5654,12.469
2967.4,2553.04,2304.2111,1857.8658,1.7719,100.0,96.9967,0.1183,1.5334,-0.0185,0.0126,0.9521,198.6616,0.0,4.4001,404.9213,9.4214,0.9615,189.2402,12.4278
3067.34,2496.56,2177.1667,969.6185,1.0125,100.0,104.9322,0.1243,1.4833,-0.0101,0.013,0.955,198.7597,0.0,4.9195,407.3818,10.1262,0.9727,188.6334,12.5549
3074.63,2538.75,2223.4,1104.9568,1.2479,100.0,105.7289,0.1219,1.5679,-0.0197,0.01,0.9663,203.0076,0.0,5.1365,406.8667,9.3528,0.9712,193.6548,12.3376
2992.92,2706.54,2146.8555,917.5352,1.0638,100.0,106.8833,0.126,1.3479,0.0306,-0.0106,0.9498,199.9538,0.0,7.1587,397.5708,10.2131,0.9611,189.7407,12.5547
2896.63,2550.51,2165.6222,953.004,1.3366,100.0,105.9356,0.125,1.4281,0.0055,-0.0119,0.9434,198.8053,0.0,4.2628,412.501,10.4427,0.9678,188.3627,12.6202
3054.13,2511.14,2192.6889,1130.991,1.3923,100.0,102.1067,0.122,1.4005,0.0056,-0.0192,0.974,195.1023,0.0,10.1975,417.5535,10.4585,0.981,184.6438,12.3376
3031.39,2632.88,2280.8222,1125.7334,0.6815,100.0,101.9111,0.1221,1.5362,-0.0088,0.0039,0.9607,199.4963,0.0,3.0095,392.5352,9.5536,0.9583,189.9427,12.4322
2981.95,2279.48,2205.2889,1630.3112,1.2733,100.0,98.8056,0.1218,1.4334,0.0056,0.0012,0.9583,195.5076,0.0,4.0633,409.7165,10.4299,0.9718,185.0777,12.4047
2977.98,2384.66,2212.7111,1062.6288,1.3848,100.0,101.93,0.1212,1.431,0.009,0.0033,0.964,208.1239,0.0,14.0538,423.2695,9.8416,0.9707,198.2823,12.4578
3072.35,2551.84,2212.7111,1062.6288,1.3848,100.0,101.93,0.1212,1.5101,0.0061,0.0093,0.9607,207.1451,0.0,13.4022,426.6365,9.9413,0.9684,197.2039,12.4578
2998.59,2559.07,2184.8889,982.8147,1.0124,100.0,103.1656,0.1245,1.3933,-0.0229,-0.0137,0.9462,199.5091,0.0,8.0805,391.3714,10.3654,0.9575,189.1438,12.6202
2855.96,2539.78,2187.4444,980.2436,1.0997,100.0,104.13,0.1233,1.4969,-0.0171,0.003,0.9617,198.6198,0.0,6.8777,412.6033,9.8124,0.9641,188.8074,12.4069
2962.13,2540.95,2211.3889,1763.4015,1.6569,100.0,101.9133,0.1212,1.4659,0.0055,-0.0135,0.9477,197.8149,0.0,4.083,411.4099,10.3541,0.9576,187.4609,12.46
3051.32,2464.39,2205.2889,1630.3112,1.2733,100.0,98.8056,0.1218,1.4845,-0.0178,0.0084,0.9541,199.9896,0.0,13.6157,424.7793,10.1182,0.9712,189.8715,12.4069
3104.4,2506.27,2205.4667,1035.6241,1.1295,100.0,105.56,0.1216,1.378,-0.0219,-0.0019,0.9617,199.8895,0.0,12.7494,413.0471,9.6172,0.9594,190.2723,12.4069
2892.99,2332.39,2216.9556,907.1863,1.4472,100.0,105.0367,0.1212,1.5094,-0.0027,-0.0015,0.9499,199.1247,0.0,5.2595,417.0943,10.2754,0.9595,188.8493,12.46
2995.76,2526.22,2230.0333,1668.6804,1.5739,100.0,99.0522,0.1204,1.5573,0.0019,0.0117,0.9567,200.2163,0.0,9.3836,427.7007,9.9101,0.9651,190.3062,12.6063
3034.34,2631.47,2179.0445,2028.2208,1.5552,100.0,95.4256,0.1234,1.4281,0.0049,0.0092,0.9452,204.2667,0.0,7.3072,403.0785,9.6664,0.9657,194.6004,12.6278
3075.76,2491.55,2185.9333,1659.6962,1.629,100.0,98.6822,0.1227,1.451,-0.0129,-0.0106,0.9502,203.9864,0.0,10.8725,406.2164,9.6884,0.9689,194.298,12.4322
3043.05,2466.36,2205.2889,1630.3112,1.2733,100.0,98.8056,0.1218,1.4538,0.0161,0.0071,0.9533,199.3215,0.0,7.4024,411.3634,10.6033,0.971,188.7182,12.3741
2940.5,2441.61,2205.2889,1630.3112,1.2733,100.0,98.8056,0.1218,1.358,-0.0024,-0.0143,0.9659,200.3236,0.0,6.4351,392.4189,10.3512,0.9648,189.9724,12.3741
3065.36,2162.87,2211.3889,1763.4015,1.6569,100.0,101.9133,0.1212,1.5337,-0.001,-0.0018,0.9681,198.7876,0.0,7.0078,403.4078,9.4274,0.9735,189.3602,12.4578
3038.21,2521.84,2273.7556,1549.8407,1.4105,100.0,105.0467,0.1171,1.3666,-0.0154,0.0047,0.958,198.4092,0.0,14.1879,426.1956,10.0229,0.9678,188.3863,12.6063
2912.76,2480.54,2233.7666,1772.4931,0.9501,100.0,100.7256,0.1215,1.4029,0.0174,-0.0023,0.9759,198.8363,0.0,9.7333,418.6612,10.3441,0.9792,188.4922,12.4527
3091.71,2548.95,2233.7666,1772.4931,0.9501,100.0,100.7256,0.1215,1.521,0.0075,-0.0127,0.9599,197.8643,0.0,7.661,410.6937,10.2848,0.9674,187.5795,12.46
2907.96,2439.31,2225.5889,1890.2199,1.6,100.0,97.2756,0.1202,1.5356,0.0043,-0.0008,0.9451,198.1369,0.0,5.1309,415.138,9.9969,0.9665,188.1401,12.46
3037.49,2463.11,2205.2889,1630.3112,1.2733,100.0,98.8056,0.1218,1.3605,0.0125,-0.0034,0.9619,199.7563,0.0,6.8695,396.9662,10.3504,0.961,189.4059,12.3741
2971.15,2474.95,2185.9333,1659.6962,1.629,100.0,98.6822,0.1227,1.4355,0.0135,-0.0063,0.9504,203.0964,0.0,12.3751,417.7334,10.0072,0.9687,193.0892,12.6063
3076.52,2502.62,2197.6444,1247.0334,0.7865,100.0,99.9211,0.1203,1.5059,0.0218,0.0018,0.9692,201.7841,0.0,8.2955,420.5541,10.2875,0.9794,191.4966,12.4578
2999.86,2287.9,2197.6444,1247.0334,0.7865,100.0,99.9211,0.1203,1.4785,-0.0004,-0.0113,0.9519,202.323,0.0,7.9176,415.7125,10.3412,0.9694,191.9819,12.46
2992.52,2470.14,2197.6444,1247.0334,0.7865,100.0,99.9211,0.1203,1.4703,0.0275,-0.0061,0.969,201.9097,0.0,7.6963,421.8317,10.3261,0.9795,191.5835,12.4578
3109.02,2472.13,2197.6444,1247.0334,0.7865,100.0,99.9211,0.1203,1.4406,0.0156,-0.0068,0.97,201.7606,0.0,8.6333,421.0477,10.3431,0.9794,191.4175,12.4527
2954.1,2489.91,2179.0445,2028.2208,1.5552,100.0,95.4256,0.1234,1.4685,0.0016,0.0004,0.9572,201.7063,0.0,6.1833,401.8106,9.9873,0.9662,191.719,12.6063
3006.22,2257.81,2185.9333,1659.6962,1.629,100.0,98.6822,0.1227,1.4557,-0.0085,-0.0119,0.9539,199.6664,0.0,10.1,408.6915,10.1897,0.9688,189.4768,12.6063
3088.73,2378.95,2185.9333,1659.6962,1.629,100.0,98.6822,0.1227,1.3731,0.0056,-0.0015,0.9475,203.3401,0.0,12.4201,424.5263,10.005,0.9677,193.3351,12.4322
2940.65,,2214.0556,1150.7775,1.3772,100.0,102.9389,0.1205,1.4978,0.0221,-0.0055,0.9709,201.9724,0.0,7.7634,410.5165,10.3643,0.9803,191.6082,12.4578
2948.42,2444.55,2204.9223,1787.6757,1.5138,100.0,100.4322,0.1216,1.3906,-0.0018,-0.0008,0.963,199.7718,0.0,7.6365,414.5512,9.5037,0.9624,190.2681,12.6108
2958.39,2478.99,2231.9556,1185.0959,1.0208,100.0,102.5344,0.1192,1.4881,-0.0054,-0.0037,0.9489,199.0452,0.0,5.8573,416.4335,9.9361,0.9676,189.1091,12.6159
3025.01,2604.26,2177.3222,1089.3655,1.3101,100.0,101.1478,0.1216,1.4476,-0.0234,-0.0001,0.9711,199.2029,0.0,11.8878,407.0764,10.0345,0.9803,189.1684,12.4527
3045.71,2490.25,2197.6444,1247.0334,0.7865,100.0,99.9211,0.1203,1.4257,-0.0343,-0.0016,0.9688,199.1869,0.0,11.9209,413.6465,10.1341,0.9732,189.0528,12.4527
3035.98,2458.15,2230.0333,1668.6804,1.5739,100.0,99.0522,0.1204,1.372,0.0005,-0.0181,0.9547,206.8379,0.0,6.0494,400.5666,10.3911,0.9642,196.4468,12.6063
2908.04,2494.37,2185.9333,1659.6962,1.629,100.0,98.6822,0.1227,1.5221,-0.0175,0.0086,0.9482,202.8708,0.0,6.1263,398.5726,10.4202,0.9593,192.4506,12.371
2984.45,2444.09,2230.0333,1668.6804,1.5739,100.0,99.0522,0.1204,1.356,-0.0055,-0.0225,0.9551,207.0302,0.0,11.4256,407.276,9.1874,0.9537,197.8428,12.6063
3061.98,2344.91,2197.2667,911.2054,1.3257,100.0,104.1722,0.1208,1.3595,0.0063,-0.0034,0.9473,202.8766,0.0,5.0594,393.6977,10.7158,0.9673,192.1608,12.4896
2900.69,2483.06,2191.1111,1564.6023,0.9366,100.0,102.51,0.1234,1.5192,-0.0168,0.0104,0.9683,198.1951,0.0,7.4172,414.5525,10.297,0.9794,187.8982,12.4527
2916.02,2467.49,2185.9333,1659.6962,1.629,100.0,98.6822,0.1227,1.4114,-0.0005,-0.0088,0.943,202.5579,0.0,11.2227,423.8263,10.1733,0.9642,192.3847,12.6063
2959.2,2491.6,2181.1555,1010.6897,1.3711,100.0,103.1456,0.1215,1.4737,0.0046,-0.003,0.9527,200.4098,0.0,10.9579,412.0222,10.3713,0.9629,190.0384,12.6316
2963.75,2593.63,2204.9223,1787.6757,1.5138,100.0,100.4322,0.1216,1.5105,-0.0009,0.0134,0.951,199.3709,0.0,4.5468,406.6076,10.3906,0.96,188.9803,12.6571
3107.79,2470.81,2280.8222,1125.7334,0.6815,100.0,101.9111,0.1221,1.4454,-0.0152,-0.0087,0.9539,203.213,0.0,9.1952,423.2751,9.6259,0.9545,193.5871,12.4322
2981.08,2616.63,2177.3222,1089.3655,1.3101,100.0,101.1478,,1.419,-0.0296,0.0073,0.9548,199.0364,0.0,11.5007,425.2327,9.6167,0.97,189.4197,12.47
2985.06,2509.8,2177.3222,1089.3655,1.3101,100.0,101.1478,0.1216,1.4245,-0.0056,-0.0089,0.9572,202.6486,0.0,12.5732,418.4331,10.2655,0.9576,192.3831,12.46
3043.17,2483.74,2195.7666,1015.3046,1.3663,100.0,101.46,0.1207,1.4925,-0.0074,-0.0043,0.952,198.7317,0.0,11.3532,411.2249,10.6221,0.9698,188.1097,12.4469
3056.95,2549.73,2195.7666,1015.3046,1.3663,100.0,101.46,0.1207,1.4493,0.0176,-0.0025,0.9436,200.2559,0.0,8.9373,422.4767,9.8232,0.9552,190.4327,12.4469
3050.29,2402.57,2185.8111,995.3928,1.3714,100.0,102.6422,0.1218,1.4808,-0.0107,-0.005,0.959,200.5169,0.0,10.9913,415.6168,10.2697,0.9594,190.2472,12.5078
3079.9,2463.51,2178.7333,1039.3641,0.7367,100.0,101.4922,0.1219,1.5145,0.0345,-0.0064,0.9454,200.0306,0.0,8.6903,411.4949,9.4318,0.9573,190.5988,12.4753
3016.16,2382.03,2185.8111,995.3928,1.3714,100.0,102.6422,0.1218,1.5198,0.0064,-0.0012,0.9499,199.0302,0.0,13.8365,419.3459,10.6404,0.9688,188.3898,12.4469
2972.78,2513.68,2197.2667,911.2054,1.3257,100.0,104.1722,0.1208,1.4777,0.0324,-0.0037,0.9466,200.1786,0.0,10.0227,424.9582,9.3713,0.9587,190.8074,12.4104
2872.01,2570.13,2244.1111,1676.7316,0.9197,100.0,100.8067,0.1204,1.436,-0.0057,0.0101,0.9608,202.3023,0.0,9.1503,418.1526,9.9445,0.9687,192.3578,12.4337
3008.98,2523.55,2197.6444,1247.0334,0.7865,100.0,99.9211,0.1203,1.4025,-0.0365,0.0008,0.9526,199.003,0.0,10.887,416.0875,9.9514,0.9687,189.0515,12.4786
2821.23,2549.89,2244.1111,1676.7316,0.9197,100.0,100.8067,0.1204,1.484,0.0045,-0.0019,0.9486,201.4136,0.0,8.4048,410.0511,9.8004,0.9601,191.6132,12.4753
3073.67,2349.48,2244.1111,1676.7316,0.9197,100.0,100.8067,0.1204,1.4596,0.0034,0.0057,0.9571,202.0653,0.0,7.4945,403.1773,9.9935,0.9669,192.0718,12.46
3012.98,2498.28,2243.7778,1502.9221,1.816,100.0,102.0978,0.1195,1.44,-0.0281,-0.0044,0.9515,202.9595,0.0,8.7225,422.8784,9.4325,0.9608,193.527,12.5018
3072.31,2308.6,2176.6334,1272.409,1.3828,100.0,100.4622,0.1216,1.4378,-0.0282,0.0012,0.9593,199.986,0.0,11.0353,413.1905,10.071,0.9737,189.915,12.4749
2968.02,2494.25,2197.2667,911.2054,1.3257,100.0,104.1722,0.1208,1.5193,-0.0212,-0.0044,0.9667,202.6334,0.0,9.6914,428.4552,9.4449,0.9717,193.1885,12.4492
3111.93,2460.94,2176.6334,1272.409,1.3828,100.0,100.4622,0.1216,1.5183,-0.0161,0.0004,0.9735,202.2468,0.0,12.3885,404.9158,10.3359,0.9726,191.9109,12.4661
2957.97,2483.97,2243.7778,1502.9221,1.816,100.0,102.0978,0.1195,1.442,0.0183,0.0023,0.9569,202.0149,0.0,9.559,422.7669,9.8972,0.965,192.1177,12.4786
2850.33,2570.42,2177.3222,1089.3655,1.3101,100.0,101.1478,0.1216,1.4067,-0.0234,0.0029,0.9542,199.8134,0.0,14.4533,425.7982,9.6315,0.9699,190.182,12.4337
2927.46,2464.8,2243.7778,1502.9221,1.816,100.0,102.0978,0.1195,1.4896,0.0064,-0.0013,0.9581,201.8293,0.0,8.5018,404.1486,9.987,0.9665,191.8423,12.4104
3055.21,2377.27,2177.3222,1089.3655,1.3101,100.0,101.1478,0.1216,1.4929,-0.0252,0.0112,0.9552,199.6727,0.0,12.4003,411.5736,10.0371,0.9715,189.6356,12.4969
3045.21,2561.1,2243.7778,1502.9221,1.816,100.0,102.0978,0.1195,1.5032,-0.0042,0.0021,0.9487,202.8679,0.0,9.4744,428.9045,9.4302,0.9589,193.4376,12.46
3000.39,2581.67,2197.2667,911.2054,1.3257,100.0,104.1722,0.1208,1.4701,-0.0003,0.0026,0.969,202.4717,0.0,8.8499,426.3853,9.4152,0.9737,193.0565,12.4496
2970.87,2610.78,2185.8111,995.3928,1.3714,100.0,102.6422,0.1218,1.5155,-0.0045,0.0027,0.9625,199.9475,0.0,6.812,409.155,9.6162,0.9621,190.3313,12.4969
3087.45,2503.32,2243.7778,1502.9221,1.816,100.0,102.0978,0.1195,1.3993,0.0042,-0.0103,0.9455,202.2886,0.0,9.8855,423.9415,9.4102,0.9563,192.8784,12.4337
3054.45,2443.68,2243.7778,1502.9221,1.816,100.0,102.0978,0.1195,1.4193,0.0015,0.0015,0.9551,201.6701,0.0,10.7648,419.093,10.0212,0.9638,191.6488,12.4869
2988.52,2291.92,2183.5777,1764.5386,1.705,100.0,100.4478,0.1222,1.4305,0.0001,-0.0054,0.9615,199.9116,0.0,7.0778,410.3098,9.6388,0.9607,190.2728,12.4969
3033.29,2587.27,2244.1111,1676.7316,0.9197,100.0,100.8067,0.1204,1.3669,-0.0005,0.0017,0.9513,202.6728,0.0,7.3121,413.5223,10.0634,0.9695,192.6094,12.6278
3076.5,2554.29,2178.7333,1039.3641,0.7367,100.0,101.4922,0.1219,1.415,-0.0062,-0.0032,0.9748,199.4865,0.0,7.1454,413.6892,9.6426,0.973,189.8439,12.4492
3075.78,2575.68,2243.7778,1502.9221,1.816,100.0,102.0978,0.1195,1.4362,0.0062,0.0073,0.9629,199.9113,0.0,6.4443,412.7534,9.6205,0.962,190.2908,12.46
3038.25,2337.96,2244.1111,1676.7316,0.9197,100.0,100.8067,0.1204,1.3989,0.0127,0.0069,0.9605,198.9344,0.0,8.6844,422.2485,9.6936,0.9595,189.2407,12.47
2989.91,2575.71,2244.1111,1676.7316,0.9197,100.0,100.8067,0.1204,1.4984,-0.0068,0.001,0.9444,202.2274,0.0,7.7447,408.7099,10.0207,0.9653,192.2067,12.46
3061.24,2734.33,2243.7778,1502.9221,1.816,100.0,102.0978,0.1195,1.3971,0.03,0.0118,0.9678,200.8026,0.0,12.0802,412.3925,10.0621,0.9787,190.7405,12.4492
3054.18,2408.46,2178.7333,1039.3641,0.7367,100.0,101.4922,0.1219,1.45,-0.0089,0.0004,0.9727,199.216,0.0,8.131,417.8892,9.6715,0.9709,189.5445,12.4527
3054.84,2488.5,2185.8111,995.3928,1.3714,100.0,102.6422,0.1218,1.4049,0.0389,-0.0147,0.9486,202.3304,0.0,11.5524,426.3345,9.5853,0.9576,192.7451,12.46
3010.71,2513.05,2243.7778,1502.9221,1.816,100.0,102.0978,0.1195,1.4547,0.0285,-0.0017,0.9519,201.4128,0.0,8.0322,421.6007,9.871,0.9681,191.5418,12.4469
2935.73,2573.74,2201.5777,976.4791,0.7679,100.0,99.9956,0.1202,1.4732,-0.0009,0.0068,0.9498,202.0686,0.0,12.8571,428.9675,9.5534,0.9601,192.5153,12.4786
3018.6,2374.64,2243.7778,1502.9221,1.816,100.0,102.0978,0.1195,1.4763,-0.0043,0.0067,0.9672,200.4579,0.0,13.2563,424.6843,9.6391,0.9721,190.8189,12.4496
3008.84,2522.9,2177.3222,1089.3655,1.3101,100.0,101.1478,0.1216,1.4833,0.0138,0.0012,0.9479,201.6866,0.0,6.8,408.6435,9.8653,0.967,191.8214,12.46
2969.01,2537.88,2194.6444,999.4387,1.3259,100.0,101.9767,0.1205,1.4389,0.0172,0.0306,0.9719,198.8736,0.0,9.4397,430.1498,9.5915,0.9768,189.282,12.4496
2984.32,2539.73,2214.7111,1493.8781,1.5899,100.0,103.9367,0.1202,1.425,-0.0063,0.0076,0.9477,201.1445,0.0,8.7953,418.8892,9.4896,0.958,191.6549,12.4759
3017.94,2629.06,2194.6444,999.4387,1.3259,100.0,101.9767,0.1205,1.4246,-0.0184,0.007,0.949,203.3156,0.0,8.331,418.7187,9.4396,0.9595,193.876,12.4753
2988.66,2533.49,2194.6444,999.4387,1.3259,100.0,101.9767,0.1205,1.4459,-0.0408,0.0113,0.9522,202.0238,0.0,8.3038,410.2354,10.5814,0.9687,191.4424,12.4869
3002.46,2693.16,2214.7111,1493.8781,1.5899,100.0,103.9367,0.1202,1.4282,0.0005,-0.0113,0.956,199.7415,0.0,10.5132,426.5692,10.2944,0.9702,189.447,12.4496
2962.65,2535.19,2214.7111,1493.8781,1.5899,100.0,103.9367,0.1202,1.4738,-0.0213,0.0022,0.9471,202.8253,0.0,7.8059,400.5496,10.5663,0.9674,192.259,12.4469
3021.41,2509.19,2218.5778,1632.2734,0.8396,100.0,98.1311,0.1211,1.504,-0.0376,-0.0025,0.9667,202.4774,0.0,8.1235,415.0363,10.0986,0.9786,192.3787,12.5071
3073.81,2786.97,2178.7333,1039.3641,0.7367,100.0,101.4922,0.1219,1.3576,0.0,-0.0046,0.9457,200.583,0.0,7.6969,414.8297,10.0514,0.9652,190.5316,12.4337
2983.31,2672.94,2244.1111,1676.7316,0.9197,100.0,100.8067,0.1204,1.5312,0.0133,-0.0037,0.9495,202.0064,0.0,7.5912,410.4986,9.8987,0.9665,192.1077,12.4786
3029.19,2459.56,2214.7111,1493.8781,1.5899,100.0,103.9367,0.1202,1.447,-0.0163,0.053,0.9666,199.3001,0.0,9.46,409.5174,10.614,0.9776,188.6861,12.4273
3082.31,2457.92,2194.6444,999.4387,1.3259,100.0,101.9767,0.1205,1.4173,-0.0066,-0.0093,0.9461,202.8695,0.0,9.5456,427.0973,9.3864,0.957,193.483,12.4104
2997.92,2509.24,2201.5777,976.4791,0.7679,100.0,99.9956,0.1202,1.4932,-0.0012,0.0028,0.9507,202.001,0.0,8.0224,415.5934,9.8806,0.9685,192.1203,12.4337
3067.43,2467.11,2214.7111,1493.8781,1.5899,100.0,103.9367,0.1202,1.3812,0.0031,-0.0046,0.9619,199.5867,0.0,7.4439,405.6238,9.6448,0.9559,189.9419,12.46
2864.05,2533.75,2224.0,1510.0797,1.5611,100.0,99.83,0.1199,1.3743,-0.0005,0.0024,0.9564,199.7633,0.0,7.7805,412.4576,10.2072,0.9559,189.5561,12.4759
3024.14,2505.03,2185.8111,995.3928,1.3714,100.0,102.6422,0.1218,1.461,0.003,-0.0042,0.9491,196.9672,0.0,11.7446,416.823,10.6552,0.9674,186.312,12.47
3032.29,2356.94,2218.5778,1632.2734,0.8396,100.0,98.1311,0.1211,1.3526,-0.004,-0.0105,0.9708,198.6184,0.0,7.4728,397.4025,8.0367,0.9553,190.5818,12.4786
2968.06,2524.25,2218.5778,1632.2734,0.8396,100.0,98.1311,0.1211,1.4814,-0.0238,0.0396,0.9661,200.6979,0.0,10.5176,419.1647,10.0893,0.9776,190.6087,12.4273
2988.95,2611.21,2202.4333,1586.1015,1.6025,100.0,100.8067,0.1214,1.47,-0.0102,-0.0073,0.9448,199.3569,0.0,6.7033,416.5865,9.8943,0.9658,189.4625,12.4969
3052.43,2486.48,2201.5777,976.4791,0.7679,100.0,99.9956,0.1202,1.2921,-0.0108,-0.002,0.9731,199.7613,0.0,9.0687,409.9535,9.8492,0.9779,189.9121,12.4496
3031.44,2487.46,2195.5333,1561.7164,1.4292,100.0,99.25,0.1223,1.4715,0.004,-0.0103,0.9524,202.0454,0.0,10.1117,422.1605,9.8914,0.9701,192.154,12.4337
2889.93,,2238.5444,1659.1424,0.901,100.0,99.31,0.1204,1.5386,-0.009,0.0057,0.9465,202.3225,0.0,8.7894,403.5287,10.2875,0.9569,192.035,12.5078
3020.25,2436.77,2224.0,1510.0797,1.5611,100.0,99.83,0.1199,1.4339,0.0032,-0.0067,0.9505,198.7309,0.0,10.7885,417.0068,10.3532,0.9706,188.3777,12.4896
3020.71,2483.52,2201.5777,976.4791,0.7679,100.0,99.9956,0.1202,1.38,-0.0218,-0.0145,0.9553,202.0491,0.0,10.7945,407.9686,9.8178,0.9633,192.2313,12.46
2933.79,2417.7,2195.5333,1561.7164,1.4292,100.0,99.25,0.1223,1.4965,-0.0045,-0.0006,0.949,202.1785,0.0,9.9931,410.837,10.2545,0.9589,191.9239,12.4322
3067.25,2312.14,2214.7111,1493.8781,1.5899,100.0,103.9367,0.1202,1.4043,-0.021,-0.0052,0.9676,202.1406,0.0,12.7335,422.9645,9.7682,0.9726,192.3724,12.4661
2973.52,2414.48,2214.7111,1493.8781,1.5899,100.0,103.9367,0.1202,1.428,-0.0169,0.0016,0.9706,200.7819,0.0,11.1864,408.3481,9.7363,0.9744,191.0457,12.4661
2999.81,2477.46,2178.7333,1039.3641,0.7367,100.0,101.4922,0.1219,1.4542,-0.0362,-0.0025,0.9679,199.7665,0.0,7.5332,408.7915,10.1713,0.9781,189.5953,12.4496
3098.79,2453.54,2214.7111,1493.8781,1.5899,100.0,103.9367,0.1202,1.435,-0.0004,-0.0057,0.9569,199.191,0.0,9.7065,422.7206,9.0528,0.9602,190.1383,12.46
2995.26,2540.19,2214.7111,1493.8781,1.5899,100.0,103.9367,0.1202,1.4147,0.013,0.005,0.9592,199.1989,0.0,8.9478,417.6391,9.7517,0.9681,189.4473,12.4759
3065.02,2515.55,2238.5444,1659.1424,0.901,100.0,99.31,0.1204,1.4984,0.002,-0.0076,0.9453,199.5062,0.0,8.1609,414.9384,9.3149,0.958,190.1913,12.6063
3091.11,2520.85,2238.5444,1659.1424,0.901,100.0,99.31,0.1204,1.4293,-0.0171,-0.0075,0.9656,198.6064,0.0,8.0911,417.9449,8.7,0.9578,189.9064,12.4104
2941.71,2529.42,2196.6889,1593.122,1.5925,100.0,99.1133,0.1226,1.4291,-0.0048,-0.0185,0.9475,199.9388,0.0,8.6533,417.0018,10.1811,0.9567,189.7577,12.4869
3019.05,2461.89,2196.6889,1593.122,1.5925,100.0,99.1133,0.1226,1.4204,0.0011,-0.0135,0.95,197.824,0.0,7.3643,412.9031,9.7119,0.9593,188.1121,12.6278
2885.72,2575.71,2218.5778,1632.2734,0.8396,100.0,98.1311,0.1211,1.4446,-0.0318,0.0366,0.9688,201.9649,0.0,9.1799,413.6262,9.9824,0.9791,191.9825,12.4492
3054.7,2450.48,2201.5889,956.1617,1.3886,100.0,105.4122,0.1207,1.5305,0.0007,-0.0068,0.958,200.7318,0.0,8.7155,414.1205,10.1841,0.958,190.5477,12.4753
3033.33,2512.51,2224.0,1510.0797,1.5611,100.0,99.83,0.1199,1.5357,-0.0337,-0.022,0.9464,199.5226,0.0,8.6173,412.4875,10.9594,0.9711,188.5632,12.4661
2926.4,2421.45,2180.9666,998.4939,1.399,100.0,106.3311,0.1216,1.3899,0.0054,0.0103,0.9524,199.2606,0.0,9.3289,425.3374,10.4318,0.9713,188.8288,12.4616
3081.75,2442.26,2196.6889,1593.122,1.5925,100.0,99.1133,0.1226,1.4609,0.0048,-0.0034,0.9592,198.7199,0.0,11.3131,411.9715,10.7265,0.9736,187.9935,12.5018
2936.59,2526.22,2196.6889,1593.122,1.5925,100.0,99.1133,0.1226,1.4934,-0.0074,-0.0151,0.9496,198.9536,0.0,13.605,424.5817,9.9765,0.9599,188.977,12.4786
3093.48,2413.92,2238.5444,1659.1424,0.901,100.0,99.31,0.1204,1.5695,-0.0013,0.0024,0.9461,199.1575,0.0,7.2114,409.1531,10.347,0.9579,188.8105,12.4104
2975.92,2286.25,2238.5444,1659.1424,0.901,100.0,99.31,0.1204,1.461,0.0185,0.0058,0.9664,200.2615,0.0,9.1894,410.4279,10.2695,0.9779,189.992,12.4496
2787.49,2584.15,2224.0,1510.0797,1.5611,100.0,99.83,0.1199,1.401,-0.0001,-0.0054,0.9533,201.4237,0.0,10.5565,416.9682,10.0418,0.96,191.3819,12.6278
3039.66,2393.78,2194.2889,1631.5293,1.5119,100.0,99.6367,0.1222,1.5176,-0.0049,0.0084,0.9481,199.2199,0.0,8.9565,422.824,10.5027,0.9675,188.7173,12.481
2973.53,2499.72,2177.3222,1089.3655,1.3101,100.0,101.1478,0.1216,1.3955,-0.0259,0.0003,0.9505,199.7621,0.0,12.9393,421.5235,9.6599,0.9678,190.1023,12.46
2954.36,2559.27,2238.5444,1659.1424,0.901,100.0,99.31,0.1204,1.4086,-0.0087,-0.0014,0.9458,199.7549,0.0,10.4274,414.821,10.2399,0.966,189.515,12.4896
2894.04,2490.06,2207.0444,1330.6718,1.3076,100.0,101.6778,0.1216,1.5546,-0.0107,0.0072,0.96,200.6405,0.0,10.0368,404.6303,8.876,0.9731,191.7645,12.4616
3042.9,2431.54,2205.2222,1427.384,1.4633,100.0,106.8389,0.1215,1.5279,-0.0061,0.0031,0.9679,201.9118,0.0,12.7912,410.0334,9.2068,0.9733,192.705,12.5065
2915.83,2526.29,2197.6778,1056.7817,1.3168,100.0,102.9611,0.1203,1.5091,-0.0064,0.0044,0.9492,200.2477,0.0,14.9546,422.0377,9.889,0.9601,190.3587,12.5078
2967.04,2273.46,2208.4444,1089.1175,0.7665,100.0,103.71,0.1201,1.54,-0.0167,-0.0036,0.9603,202.1469,0.0,8.6992,424.1288,12.805,0.977,189.342,12.448
3057.33,2496.08,2196.6889,1593.122,1.5925,100.0,99.1133,0.1226,1.4535,0.0141,0.0026,0.9499,198.8388,0.0,7.7694,422.1458,10.4208,0.9609,188.418,12.5078
2904.17,2405.53,2204.2667,1475.7797,1.4053,100.0,101.2411,0.1221,1.4941,0.0037,0.0086,0.9701,198.159,0.0,12.5855,415.6895,10.4705,0.9808,187.6884,12.4806
3038.41,2475.67,2224.0,1510.0797,1.5611,100.0,99.83,0.1199,1.4783,-0.0129,-0.0051,0.9676,198.8356,0.0,7.3265,406.4277,10.4654,0.9785,188.3702,12.4661
3035.75,2484.62,2207.0444,1330.6718,1.3076,100.0,101.6778,0.1216,1.4512,-0.0018,-0.0032,0.9724,197.9874,0.0,9.0389,424.0253,5.5709,0.958,192.4165,12.47
2887.33,2551.17,2201.5777,976.4791,0.7679,100.0,99.9956,0.1202,1.3901,-0.001,0.006,0.9458,199.1747,0.0,9.2258,430.7835,9.487,0.9566,189.6877,12.46
2991.98,2412.41,2197.2333,1435.146,0.974,100.0,104.8733,0.1226,1.5979,-0.0142,0.001,0.9687,201.053,0.0,11.7913,413.0557,9.2115,0.9733,191.8415,12.4722
3065.83,2273.8,2197.2333,1435.146,0.974,100.0,104.8733,0.1226,1.4909,-0.0039,0.0082,0.968,201.799,0.0,10.642,410.8374,9.31,0.973,192.489,12.4655
3106.85,2453.47,2197.2333,1435.146,0.974,100.0,104.8733,0.1226,1.5971,-0.016,-0.0023,0.9659,201.9349,0.0,13.2315,414.0065,9.2947,0.9713,192.6403,12.4655
3033.82,2531.63,2180.9666,998.4939,1.399,100.0,106.3311,0.1216,1.44,0.0092,-0.0113,0.9526,202.0071,0.0,10.6396,416.5016,9.332,0.9589,192.6751,12.4616
3059.46,2567.68,2197.6778,1056.7817,1.3168,100.0,102.9611,0.1203,1.4975,-0.013,0.0016,0.965,199.7828,0.0,9.4547,405.9794,10.5248,0.9711,189.258,12.4496
2908.11,2512.99,2218.0555,1517.4371,0.8579,100.0,105.8133,0.1206,1.6103,0.01,0.0049,0.9702,201.368,0.0,6.467,415.9769,9.6721,0.9744,191.6958,12.4273
3111.09,2536.56,2180.9666,998.4939,1.399,100.0,106.3311,0.1216,1.4551,0.0117,0.0057,0.9738,199.2024,0.0,9.8112,419.5616,9.9876,0.9789,189.2148,12.4273
3098.45,2439.82,2197.6778,1056.7817,1.3168,100.0,102.9611,0.1203,1.5057,-0.0213,0.0039,0.9587,198.56,0.0,12.1401,419.5144,9.7597,0.9572,188.8003,12.46
3084.0,2453.91,2194.2889,1631.5293,1.5119,100.0,99.6367,0.1222,1.4752,-0.0118,0.0105,0.9479,199.2779,0.0,12.5894,425.1392,10.0168,0.9593,189.2611,12.4896
2959.29,2478.62,2197.2333,1435.146,0.974,100.0,104.8733,0.1226,1.5126,-0.0192,0.0107,0.967,200.2378,0.0,9.282,415.8273,9.3764,0.9724,190.8614,12.5065
3047.54,2709.45,2238.5444,1659.1424,0.901,100.0,99.31,0.1204,1.3806,-0.009,0.0117,0.9472,199.3133,0.0,8.1065,424.5918,9.9238,0.958,189.3896,12.5018
2990.95,2379.96,2218.5778,1632.2734,0.8396,100.0,98.1311,0.1211,1.4036,0.0035,0.0141,0.9474,202.7417,0.0,15.0515,427.5759,9.8412,0.959,192.9005,12.4753
3038.81,2569.58,2198.7222,1534.2053,0.9374,100.0,104.1989,0.1224,1.4042,0.0093,0.0087,0.9511,198.8523,0.0,12.8292,412.6172,9.9346,0.9614,188.9177,12.4616
3028.43,2517.54,2170.5444,921.0605,1.439,100.0,104.53,0.1226,1.3428,0.0093,0.0052,0.9463,199.4734,0.0,9.813,427.3429,10.0567,0.967,189.4166,12.4616
2950.18,2517.34,2196.6889,1593.122,1.5925,100.0,99.1133,0.1226,1.4454,-0.0125,-0.0162,0.9742,199.7992,0.0,8.0652,414.9417,9.236,0.979,190.5632,12.4661
3190.45,2391.47,2208.4444,1089.1175,0.7665,100.0,103.71,0.1201,1.5037,-0.0109,0.0069,0.9484,200.5541,0.0,8.3645,414.5078,9.702,0.9597,190.8521,12.5106
2893.56,2408.4,2208.4444,1089.1175,0.7665,100.0,103.71,0.1201,1.5272,-0.0219,0.0083,0.9694,200.8052,0.0,7.0828,408.8944,10.614,0.9738,190.1912,12.4492
3031.79,2479.69,2186.9889,949.2201,1.2981,100.0,103.3322,0.1219,1.4636,0.0009,0.0031,0.9596,203.2909,0.0,7.5919,401.799,10.1388,0.9588,193.1521,12.4786
3111.28,2503.69,2218.0555,1517.4371,0.8579,100.0,105.8133,0.1206,1.5852,-0.0077,0.0048,0.9696,201.4956,0.0,8.4881,424.3829,9.4516,0.9711,192.044,12.4273
3100.44,2495.4,2218.0555,1517.4371,0.8579,100.0,105.8133,0.1206,1.4629,0.0175,0.0097,0.9534,201.6838,0.0,7.491,422.7772,9.6043,0.9622,192.0795,12.47
3040.45,2226.99,2218.0555,1517.4371,0.8579,100.0,105.8133,0.1206,1.5923,0.0098,0.0039,0.9504,201.5485,0.0,6.4888,408.8975,9.6676,0.9597,191.8809,12.4616
2942.16,2450.05,2224.0,1510.0797,1.5611,100.0,99.83,0.1199,1.3924,0.0036,-0.0017,0.9529,200.246,0.0,10.1535,414.2334,9.8977,0.97,190.3483,12.47
3012.18,2590.8,2197.6778,1056.7817,1.3168,100.0,102.9611,0.1203,1.4103,-0.0137,0.0004,0.9667,200.8017,0.0,7.1759,410.0575,10.3211,0.9774,190.4807,12.4273
2973.57,2421.45,2218.5778,1632.2734,0.8396,100.0,98.1311,0.1211,1.4281,-0.0109,0.0089,0.9756,201.276,0.0,10.3197,415.8049,9.9797,0.9579,191.2963,12.4492
2999.4,2270.68,2198.7222,1534.2053,0.9374,100.0,104.1989,0.1224,1.5108,0.0255,0.0178,0.9684,197.9303,0.0,10.3624,409.9565,9.9864,0.9796,187.944,12.4273
3018.64,2401.8,2224.0,1510.0797,1.5611,100.0,99.83,0.1199,1.4428,-0.011,0.0101,0.9501,199.192,0.0,9.8316,414.4535,10.5954,0.969,188.5966,12.4469
3066.07,2547.84,2186.9889,949.2201,1.2981,100.0,103.3322,0.1219,1.4414,0.0124,0.0015,0.9572,198.9177,0.0,7.2788,409.2742,9.0661,0.973,189.8516,12.5106
3063.36,2333.96,2186.9889,949.2201,1.2981,100.0,103.3322,0.1219,1.4956,0.0151,0.0107,0.9737,203.8534,0.0,9.0638,424.4871,9.1802,0.9778,194.6732,12.4496
2988.92,2460.91,2178.0778,941.9524,0.8039,100.0,104.0167,0.1229,1.5829,-0.0278,-0.0324,0.9511,199.2651,0.0,6.7187,405.269,9.578,0.9688,189.6872,12.5894
3089.31,2546.27,2208.4444,1089.1175,0.7665,100.0,103.71,0.1201,1.4611,-0.009,0.0111,0.9681,200.9861,0.0,8.1941,422.4208,9.9951,0.9784,190.991,12.4273
2939.94,2516.11,2186.9889,949.2201,1.2981,100.0,103.3322,0.1219,1.5758,-0.0093,0.0013,0.9571,203.845,0.0,8.1035,420.618,9.7521,0.9656,194.0928,12.4869
2936.04,2574.32,2186.9889,949.2201,1.2981,100.0,103.3322,0.1219,1.5044,0.0038,0.0137,0.9658,199.2556,0.0,9.2069,412.0623,12.1998,0.9678,187.0558,12.4337
3206.18,2456.65,2198.7222,1534.2053,0.9374,100.0,104.1989,0.1224,1.226,0.0307,0.0087,0.9466,203.0568,0.0,7.5742,410.6402,9.9605,0.9668,193.0963,12.4753
3109.46,2510.08,2197.6778,1056.7817,1.3168,100.0,102.9611,0.1203,1.5389,-0.0027,0.0095,0.9478,201.2269,0.0,7.7866,410.4552,9.9867,0.9662,191.2401,12.4759
2998.23,2475.5,2238.5444,1659.1424,0.901,100.0,99.31,0.1204,1.5996,-0.0012,-0.0017,0.9341,200.0505,0.0,7.8339,403.5654,9.8203,0.9479,190.2301,12.481
3047.65,2605.26,2196.8,1090.0084,1.327,100.0,99.3944,0.1212,1.4859,0.0015,0.0041,0.9705,201.0919,0.0,7.8649,408.2335,10.4249,0.975,190.667,12.4722
3118.63,2478.88,2170.5444,921.0605,1.439,100.0,104.53,0.1226,1.4385,-0.0029,0.0099,0.9586,199.2032,0.0,10.0795,410.1935,10.0764,0.9695,189.1268,12.4616
2993.48,2502.34,2218.0555,1517.4371,0.8579,100.0,105.8133,0.1206,1.46,0.0109,-0.0021,0.9548,201.9804,0.0,7.3634,420.2896,10.3491,0.9795,191.6313,12.4759
3045.73,2479.93,2197.6778,1056.7817,1.3168,100.0,102.9611,0.1203,1.3814,0.0013,-0.0046,0.9749,196.9541,0.0,14.2942,428.5513,9.7666,0.9787,187.1876,12.4661
3067.14,2512.14,2205.2222,1427.384,1.4633,100.0,106.8389,0.1215,1.4598,-0.0194,-0.0329,0.976,201.2913,0.0,9.5031,402.2377,10.5596,0.9826,190.7317,12.4722
2982.49,2288.05,2198.7222,1534.2053,0.9374,100.0,104.1989,0.1224,1.5168,0.0143,0.0072,0.9692,198.5037,0.0,11.6817,409.0006,10.0004,0.974,188.5033,12.4492
2927.75,2462.82,2207.0444,1330.6718,1.3076,100.0,101.6778,0.1216,1.4603,0.0039,0.0152,0.9546,199.0471,0.0,7.1228,408.2685,10.5148,0.972,188.5322,12.4759
3001.5,2523.6,2197.2333,1435.146,0.974,100.0,104.8733,0.1226,1.5362,0.0138,0.0029,0.9512,196.8884,0.0,7.6372,408.9521,10.9629,0.9696,185.9255,12.4337
2875.43,2513.28,2197.2333,1435.146,0.974,100.0,104.8733,0.1226,1.4388,0.0009,-0.0064,0.9452,197.1195,0.0,7.9566,411.6063,11.1018,0.9665,186.0177,12.46
2957.88,2560.91,2196.8,1090.0084,1.327,100.0,99.3944,0.1212,1.4604,-0.0151,-0.0036,0.9517,201.1548,0.0,7.8472,415.6868,10.3992,0.9615,190.7556,12.4786
3047.0,2436.01,2213.7556,1113.5599,0.7217,100.0,104.1667,0.1211,1.5608,-0.0004,-0.0052,0.9755,198.5017,0.0,8.0898,402.9729,10.0276,0.979,188.4741,12.4655
3037.81,2305.52,2186.9889,949.2201,1.2981,100.0,103.3322,0.1219,1.5169,0.0136,0.0019,0.9654,199.2529,0.0,7.5546,408.7179,11.3119,0.9667,187.9411,12.4104
3040.17,2375.55,2198.7222,1534.2053,0.9374,100.0,104.1989,0.1224,1.54,0.0221,0.0091,0.9772,199.2749,0.0,6.611,411.6618,9.8454,0.9568,189.4295,12.4104
3067.89,2570.93,2196.8,1090.0084,1.327,100.0,99.3944,0.1212,1.5001,-0.0199,-0.0289,0.9382,201.8757,0.0,9.8032,403.6168,10.5391,0.9538,191.3366,12.5216
3083.97,2311.42,2205.2222,1427.384,1.4633,100.0,106.8389,0.1215,1.5016,0.011,-0.0001,0.9634,196.6853,0.0,8.0353,415.1318,9.2405,0.969,187.4448,12.5018
2912.24,2555.49,2206.4222,1113.3443,1.2678,100.0,97.7689,0.1215,1.4313,-0.0077,-0.0013,0.9607,197.3453,0.0,7.8552,421.6408,8.2969,0.9626,189.0484,12.46
3024.19,2474.41,2186.9889,949.2201,1.2981,100.0,103.3322,0.1219,1.4712,0.0267,-0.0046,0.9615,198.9542,0.0,7.5447,411.0037,9.7802,0.9616,189.174,12.4104
3002.85,2578.76,2197.6778,1056.7817,1.3168,100.0,102.9611,0.1203,1.5432,-0.0163,0.0048,0.9699,200.3937,0.0,10.1574,412.1988,9.861,0.9738,190.5328,12.4527
2989.82,2434.0,2180.0556,1031.0669,0.7565,100.0,104.7056,0.1226,1.5865,0.008,-0.0216,0.9751,201.8822,0.0,7.9191,416.1765,9.5523,0.9731,192.3299,12.448
2924.07,2566.22,2213.7556,1113.5599,0.7217,100.0,104.1667,0.1211,1.4822,0.0105,-0.017,0.9555,201.5514,0.0,9.6483,403.3405,10.4399,0.9717,191.1115,12.4469
3013.98,2488.76,2167.5,1068.4521,1.3719,100.0,102.1733,0.1223,1.5523,-0.011,0.0096,0.9496,199.158,0.0,7.2777,412.9145,10.5503,0.968,188.6077,12.4753
2950.24,2512.97,2205.2222,1427.384,1.4633,100.0,106.8389,0.1215,1.3531,0.0069,-0.0019,0.9494,198.4632,0.0,9.7532,408.2935,9.276,0.9702,189.1871,12.4337
2821.63,2491.13,2198.7222,1534.2053,0.9374,100.0,104.1989,0.1224,1.191,0.0101,-0.0181,0.9469,202.1272,0.0,7.205,405.276,9.9788,0.9667,192.1483,12.4896
3245.0,2371.45,2196.8,1090.0084,1.327,100.0,99.3944,0.1212,1.5387,0.0126,0.0063,0.9684,201.3553,0.0,8.2275,407.5251,10.384,0.9736,190.9712,12.4661
3127.07,2478.97,2198.7222,1534.2053,0.9374,100.0,104.1989,0.1224,1.2476,0.017,0.0125,0.9524,200.557,0.0,6.5375,401.5945,9.9879,0.9703,190.5692,12.5106
3034.08,2735.65,2213.7556,1113.5599,0.7217,100.0,104.1667,0.1211,1.4426,0.0132,-0.0185,0.9719,201.0235,0.0,11.9853,408.2567,10.5411,0.9807,190.4824,12.4722
2953.65,2310.29,2197.2333,1435.146,0.974,100.0,104.8733,0.1226,1.5381,-0.0077,0.0018,0.9472,197.0412,0.0,8.4855,422.2481,10.7439,0.9591,186.2973,12.4104
2996.53,2533.52,2202.1222,1034.5674,0.776,100.0,104.6156,0.1219,1.532,0.0068,-0.0173,0.9699,200.9119,0.0,8.6467,408.7751,10.2893,0.9741,190.6226,12.4978
2951.56,2441.22,2202.1222,1034.5674,0.776,100.0,104.6156,0.1219,1.5164,0.003,-0.0203,0.9571,202.6556,0.0,6.8065,406.7837,9.9111,0.9735,192.7445,12.4273
2986.34,2318.95,2213.7556,1113.5599,0.7217,100.0,104.1667,0.1211,1.3967,0.0176,-0.0239,0.9709,200.1579,0.0,7.7927,407.83,9.7814,0.9787,190.3765,12.4722
3105.49,2587.3,2218.5778,1632.2734,0.8396,100.0,98.1311,0.1211,1.4991,-0.0064,-0.0148,0.9664,201.9838,0.0,8.0335,424.9771,10.34,0.9778,191.6438,12.4492
3090.09,2490.54,2213.7556,1113.5599,0.7217,100.0,104.1667,0.1211,1.4319,-0.0067,-0.0146,0.9691,200.5958,0.0,7.1169,405.6465,10.7026,0.9796,189.8932,12.4655
2986.32,2490.92,2218.0555,1517.4371,0.8579,100.0,105.8133,0.1206,1.5327,-0.0192,0.0023,0.9748,203.7596,0.0,7.4847,405.8447,10.4516,0.9732,193.308,12.4978
3052.97,2501.63,2218.0555,1517.4371,0.8579,100.0,105.8133,0.1206,1.4732,-0.0063,-0.0148,0.9631,199.1995,0.0,9.0249,403.8765,10.5645,0.9817,188.635,12.4759
2917.09,2518.96,2213.7556,1113.5599,0.7217,100.0,104.1667,0.1211,1.4628,0.0163,-0.0264,0.9502,201.146,0.0,10.4777,417.8509,10.3872,0.9703,190.7588,12.6278
2981.36,2502.06,2178.6889,1657.3518,1.6603,100.0,100.8022,0.1229,1.6128,0.0004,-0.0081,0.9502,198.5388,0.0,6.3295,393.0423,10.4463,0.9691,188.0926,12.5894
3017.11,2364.31,2197.2333,1435.146,0.974,100.0,104.8733,0.1226,1.5518,0.013,-0.0008,0.959,198.9617,0.0,6.6757,398.8777,9.9927,0.975,188.969,12.4661
2940.72,2419.83,2218.0555,1517.4371,0.8579,100.0,105.8133,0.1206,1.4603,0.0214,-0.0018,0.9677,199.1576,0.0,7.6517,414.1448,9.9603,0.978,189.1973,12.448
2940.17,2514.3,2186.9889,949.2201,1.2981,100.0,103.3322,0.1219,1.4768,0.0193,0.0009,0.9632,199.2589,0.0,7.8057,412.9148,10.4817,0.9603,188.7773,12.6278
2933.88,2488.49,2178.6889,1657.3518,1.6603,100.0,100.8022,0.1229,1.541,-0.0064,-0.0083,0.9655,197.5102,0.0,8.1393,409.8712,10.5155,0.9783,186.9947,12.4655
2989.85,2501.88,2197.2333,1435.146,0.974,100.0,104.8733,0.1226,1.533,-0.0059,0.0228,0.949,197.3174,0.0,6.7365,399.1127,10.3602,0.9686,186.9571,12.5018
3083.49,2536.43,2213.7556,1113.5599,0.7217,100.0,104.1667,0.1211,1.5082,-0.0057,-0.0069,0.9635,197.4467,0.0,10.225,425.1607,10.1609,0.9722,187.2858,12.47
2965.48,2467.94,2178.6889,1657.3518,1.6603,100.0,100.8022,0.1229,1.5611,0.0128,-0.0103,0.9519,198.3277,0.0,7.1758,398.9085,10.5082,0.9716,187.8195,12.6006
2951.41,2577.27,2207.8111,1202.452,1.6219,100.0,108.7689,0.1212,1.544,-0.0163,-0.0238,0.9664,198.4192,0.0,6.3185,395.4402,10.4823,0.9789,187.9369,12.4722
3015.48,2532.88,2218.0555,1517.4371,0.8579,100.0,105.8133,0.1206,1.5316,-0.0105,-0.0218,0.9625,196.7227,0.0,7.3369,410.0177,9.2114,0.9684,187.5114,12.4616
2981.47,2434.32,2180.0556,1031.0669,0.7565,100.0,104.7056,0.1226,1.5238,0.0007,-0.0247,0.9752,202.2718,0.0,7.4314,411.2325,8.9543,0.9565,193.3176,12.4896
2946.7,2535.82,2178.6889,1657.3518,1.6603,100.0,100.8022,0.1229,1.5262,0.0065,-0.0052,0.9561,198.117,0.0,6.0355,401.4048,10.5012,0.9736,187.6157,12.6006
3015.67,2539.46,2204.2889,1616.0688,0.983,100.0,102.9922,0.1226,1.5973,0.0013,-0.0057,0.9638,198.1389,0.0,8.4651,411.2179,9.8559,0.9736,188.283,12.5227
3099.87,2675.58,2200.7,1568.0936,0.9496,100.0,99.4889,0.1217,1.6405,-0.041,-0.0067,0.9588,196.8626,0.0,7.9251,420.2281,9.4607,0.958,187.4019,12.5894
3048.73,2460.11,2205.2222,1427.384,1.4633,100.0,106.8389,0.1215,1.5164,-0.0013,-0.0059,0.9629,196.7101,0.0,7.0485,408.3351,10.1707,0.9687,186.5393,12.6278
3022.8,2436.69,2204.2889,1616.0688,0.983,100.0,102.9922,0.1226,1.5116,0.013,0.0007,0.9588,198.2658,0.0,8.3535,412.8731,9.8012,0.9601,188.4647,12.5227
3018.81,2281.3,2197.2333,1435.146,0.974,100.0,104.8733,0.1226,1.4458,0.0006,-0.0029,0.95,196.4542,0.0,6.2079,448.4658,11.109,0.9686,185.3452,12.5018
2977.43,2297.3,2218.0555,1517.4371,0.8579,100.0,105.8133,0.1206,1.4849,-0.002,0.0082,0.9601,196.4381,0.0,11.0801,406.0418,11.0543,0.9683,185.3838,12.4616
3079.17,2405.56,2217.3777,1425.1041,1.7585,100.0,106.2556,0.12,1.4794,-0.0198,-0.0004,0.9535,197.4874,0.0,8.0655,419.1988,10.2912,0.9719,187.1962,12.6006
2911.37,2541.21,2207.8111,1202.452,1.6219,100.0,108.7689,0.1212,1.5322,0.0205,-0.0213,0.9561,198.587,0.0,5.9071,397.4344,10.0264,0.9718,188.5607,12.5302
3085.57,2364.78,2178.6889,1657.3518,1.6603,100.0,100.8022,0.1229,1.4945,0.0247,-0.0049,0.956,198.6292,0.0,8.2483,427.5357,10.1473,0.9713,188.482,12.5302
3053.49,2457.08,2172.5333,1351.9648,1.6377,100.0,103.88,0.1243,1.568,0.0009,0.0094,0.956,198.1353,0.0,6.0246,398.1607,10.0805,0.9716,188.0548,12.5894
3120.68,2396.4,2177.0222,1448.8499,1.5565,100.0,103.2567,0.1232,1.492,-0.0095,0.0165,0.9525,203.9795,0.0,10.9552,418.5165,10.0922,0.9703,193.8873,12.5227
2956.84,2592.29,2217.3777,1425.1041,1.7585,100.0,106.2556,0.12,1.5383,-0.0268,-0.001,0.9573,198.7817,0.0,8.1382,420.1999,10.1026,0.9755,188.6791,12.3686
3068.98,2439.0,2172.5333,1351.9648,1.6377,100.0,103.88,0.1243,1.4688,0.0147,-0.01,0.9492,199.6873,0.0,6.2149,404.5104,10.277,0.9591,189.4104,12.4896
2999.89,2506.39,2178.6889,1657.3518,1.6603,100.0,100.8022,0.1229,1.4925,0.0203,-0.0109,0.9523,198.2146,0.0,11.4336,416.256,10.0758,0.9698,188.1388,12.5894
3114.68,2605.48,2172.5333,1351.9648,1.6377,100.0,103.88,0.1243,1.5356,0.0278,-0.0019,0.9488,197.8987,0.0,10.0405,408.8065,9.9255,0.9679,187.9732,12.481
3266.04,2417.04,2217.3777,1425.1041,1.7585,100.0,106.2556,0.12,1.4398,-0.0075,-0.0055,0.9586,198.0737,0.0,10.4828,408.5361,9.8439,0.9673,188.2297,12.4753
3041.33,2526.73,2213.7556,1113.5599,0.7217,100.0,104.1667,0.1211,1.4501,0.0011,-0.014,0.9673,198.9504,0.0,8.6212,406.427,10.0491,0.9779,188.9012,12.4492
3071.58,2489.47,2217.3777,1425.1041,1.7585,100.0,106.2556,0.12,1.527,0.0066,-0.0124,0.9598,200.2884,0.0,10.2077,405.2716,9.4565,0.9596,190.832,12.47
2921.48,2496.54,2213.9333,1248.6209,1.8848,100.0,97.1856,0.1209,1.4266,0.0181,-0.0118,0.9444,204.4783,0.0,9.4535,421.5449,9.542,0.9554,194.9363,12.5894
3059.2,2467.8,2196.0889,1277.8592,1.8246,100.0,95.6322,0.1224,1.3787,0.0025,-0.0085,0.9655,203.8253,0.0,8.3871,401.423,9.288,0.9622,194.5373,12.6006
3062.54,2370.5,2177.0222,1448.8499,1.5565,100.0,103.2567,0.1232,1.5533,0.0196,-0.003,0.944,202.8325,0.0,6.0066,399.6261,10.4521,0.9564,192.3804,12.6006
3067.7,2500.27,2177.0222,1448.8499,1.5565,100.0,103.2567,0.1232,1.576,0.0272,0.0009,0.949,203.9146,0.0,6.0511,397.6668,10.4982,0.9601,193.4164,12.6006
3102.59,2514.95,2196.0889,1277.8592,1.8246,100.0,95.6322,0.1224,1.4727,-0.0005,-0.0076,0.9646,203.9804,0.0,8.5539,401.3223,9.2908,0.9618,194.6896,12.6006
2948.76,2644.32,2185.3334,1780.4149,1.7632,100.0,93.9844,0.1215,1.4117,0.0089,-0.0093,0.951,202.47,0.0,6.5042,400.9347,9.9916,0.9691,192.4784,12.6006
3079.77,2354.51,2207.0444,1269.6078,1.7571,100.0,97.0189,0.1221,1.4607,0.0155,0.0093,0.9577,198.5381,0.0,6.8827,408.2091,9.859,0.9663,188.6791,12.3686
3114.46,2656.84,2207.0444,1269.6078,1.7571,100.0,97.0189,0.1221,1.4164,0.0006,0.0056,0.9531,204.5303,0.0,6.0865,401.5505,10.1277,0.9698,194.4026,12.3686
2882.17,2601.98,2213.9333,1248.6209,1.8848,100.0,97.1856,0.1209,1.5604,0.0054,0.0034,0.9505,204.53,0.0,7.9207,425.887,9.9845,0.9681,194.5456,12.5894
3014.35,2653.23,2203.0445,996.156,1.366,100.0,104.6633,0.1209,1.4794,0.0083,0.0005,0.9461,202.5944,0.0,7.0238,390.8367,10.4275,0.958,192.1669,12.371
2901.07,2505.83,2207.0444,1269.6078,1.7571,100.0,97.0189,0.1221,1.513,0.0011,0.0026,0.9493,204.4123,0.0,5.6194,409.8024,10.0688,0.9673,194.3435,12.5351
2942.41,2523.71,2207.0444,1269.6078,1.7571,100.0,97.0189,0.1221,1.5272,0.0181,0.0022,0.9519,198.4701,0.0,7.8206,406.6101,9.778,0.9622,188.6922,12.6278
2882.76,2516.11,2172.5333,1351.9648,1.6377,100.0,103.88,0.1243,1.5766,-0.0104,0.0042,0.9668,198.2299,0.0,5.6548,394.7654,10.532,0.9772,187.698,12.4722
3047.76,2446.96,2187.6667,1468.8963,0.9253,100.0,101.8611,0.1234,1.6004,-0.0024,0.0056,0.9503,199.7304,0.0,7.0945,408.0503,10.1079,0.9712,189.6225,12.481
3133.43,2406.58,2173.4556,1433.6732,1.0304,100.0,110.5422,0.1245,1.5261,0.0019,0.0034,0.9525,197.1227,0.0,10.7231,432.2275,9.5075,0.9634,187.6152,12.5478
3080.01,2481.04,2172.1223,1871.2454,1.5915,100.0,100.2533,0.1247,1.4337,-0.0006,0.0082,0.952,197.5113,0.0,8.5405,412.8772,9.4069,0.9613,188.1044,12.5478
2967.57,2520.91,2172.1223,1871.2454,1.5915,100.0,100.2533,0.1247,1.4873,0.0,0.0031,0.9549,196.9941,0.0,7.9655,425.0815,9.2677,0.9616,187.7264,12.5478
3007.38,2474.97,2170.9667,1600.3858,1.043,100.0,104.9756,0.1249,1.4396,0.0043,0.0064,0.9543,200.0002,0.0,3.574,413.8273,10.0467,0.9634,189.9534,12.4724
3012.56,2534.62,2180.7,1159.3838,1.0177,100.0,98.9367,0.1222,1.411,-0.0016,0.0129,0.9664,204.2996,0.0,7.8925,416.9795,9.8138,0.972,194.4858,12.5208
2958.91,2460.19,2191.5667,1448.8757,0.9187,100.0,104.4511,0.1261,1.4482,-0.0321,0.0048,0.9628,198.6748,0.0,8.9288,403.6765,9.9318,0.9758,188.7429,12.4849
2940.56,2490.68,2170.9667,1600.3858,1.043,100.0,104.9756,0.1249,1.4035,0.002,0.0027,0.9581,198.7807,0.0,10.8036,410.0879,10.4634,0.9719,188.3173,12.5478
3021.45,2611.98,2113.0778,1016.675,0.9218,100.0,97.92,0.1265,1.5448,-0.016,0.0016,0.9661,197.2046,0.0,8.3735,407.3401,9.7259,0.9716,187.4787,12.5227
2996.66,2501.03,2235.0556,1302.6607,1.6347,100.0,109.9856,0.123,1.5458,-0.0107,-0.0048,0.9577,198.4792,0.0,10.324,403.3676,10.1349,0.9727,188.3443,12.5455
3072.41,2705.16,2183.3111,1588.509,1.6269,100.0,102.8467,0.1248,1.4499,0.0212,-0.0027,0.9483,197.4786,0.0,6.5889,413.1167,9.2549,0.9699,188.2237,12.5065
3200.36,2378.77,2163.5889,1448.3869,1.7014,100.0,104.8333,0.1256,1.3732,0.0314,0.0041,0.9773,198.3245,0.0,2.9193,824.9271,10.251,0.9733,188.0735,12.4722
3012.41,2481.59,2141.0667,1236.5212,0.9698,100.0,98.3344,0.1238,1.5477,0.0145,-0.0032,0.9647,197.7446,0.0,9.3115,404.4062,9.7727,0.9707,187.972,12.4673
2961.36,2362.09,2163.5889,1448.3869,1.7014,100.0,104.8333,0.1256,1.468,-0.033,-0.0022,0.9727,199.336,0.0,6.4852,413.5628,10.2384,0.9816,189.0975,12.4978
3106.55,2673.41,2202.2889,1518.2905,0.9257,100.0,94.8922,0.1213,1.4116,-0.0041,0.0025,0.9654,204.029,0.0,11.2144,408.0078,10.2079,0.9633,193.8211,12.3686
3043.23,2556.22,2230.7555,1281.7862,1.0038,100.0,111.5489,0.1235,1.4526,0.0383,-0.0115,0.9511,196.9527,0.0,6.9717,413.0281,9.538,0.9721,187.4148,12.448
3043.34,2473.49,2170.9667,1600.3858,1.043,100.0,104.9756,0.1249,1.5446,-0.0034,0.0034,0.9641,199.9462,0.0,12.0049,412.4322,9.8881,0.9659,190.0581,12.5478
3044.88,2636.69,2230.7555,1281.7862,1.0038,100.0,111.5489,0.1235,1.4868,-0.0325,0.0003,0.9679,199.9935,0.0,6.0974,408.0709,9.9073,0.9648,190.0862,12.5471
2975.62,2465.16,2198.6889,1252.113,1.8008,100.0,98.0211,0.1218,1.375,0.0022,0.0193,0.9587,198.5268,0.0,7.9559,413.9592,9.852,0.9601,188.6747,12.5471
2997.15,2531.25,2183.1,1175.1481,1.7881,100.0,111.89,0.1256,1.3647,0.0106,0.0039,0.9691,204.1897,0.0,7.9627,420.7401,10.7136,0.9821,193.4761,12.4841
2929.84,2504.5,2183.3111,1588.509,1.6269,100.0,102.8467,0.1248,1.5545,-0.037,-0.0001,0.9687,199.6956,0.0,7.3735,414.8036,9.8767,0.9654,189.8189,12.5471
3036.93,2570.13,2230.7555,1281.7862,1.0038,100.0,111.5489,0.1235,1.5067,-0.0081,0.0037,0.9779,199.0955,0.0,9.1496,402.8545,10.0046,0.9823,189.0909,12.4655
3100.12,2412.53,2231.4889,1275.3021,1.6787,100.0,94.1256,0.1193,1.4412,0.0051,-0.0004,0.9632,199.3895,0.0,10.7893,407.7466,9.9017,0.9649,189.4878,12.5494
3038.93,2187.67,2219.1333,1167.9207,0.9002,100.0,97.9378,0.1203,1.4144,-0.0061,-0.0072,0.9794,198.8464,0.0,12.3204,405.0104,10.0153,0.9832,188.8311,12.5065
3008.92,2566.94,2235.0556,1302.6607,1.6347,100.0,109.9856,0.123,1.4738,-0.0045,0.0017,0.968,198.1307,0.0,11.6285,414.5041,10.0885,0.9787,188.0423,12.4892
2981.5,2500.59,2173.6444,1458.7176,0.8811,100.0,101.5667,0.1258,1.5216,-0.0257,0.002,0.9642,198.6686,0.0,8.6025,421.9627,10.1556,0.9607,188.5131,12.4724
3046.93,2459.21,2179.0778,1820.0613,1.6746,100.0,99.33,0.1261,1.4633,0.0204,-0.0066,0.9639,198.1008,0.0,6.1443,403.4934,10.3881,0.9587,187.7127,12.47
2957.63,2558.81,2230.7555,1281.7862,1.0038,100.0,111.5489,0.1235,1.4441,0.0086,-0.0027,0.9656,199.708,0.0,11.0463,403.9733,9.9923,0.9737,189.7158,12.4998
3023.34,2493.12,2208.2334,1517.0152,1.098,100.0,110.19,0.1247,1.4487,-0.0145,0.0083,0.9666,197.545,0.0,10.357,404.7815,8.4191,0.9718,189.1258,12.4849
3042.78,2377.89,2173.4556,1433.6732,1.0304,100.0,110.5422,0.1245,1.4964,0.0204,0.0133,0.9486,197.4142,0.0,6.4832,407.2145,9.8446,0.959,187.5696,12.5553
3091.64,2340.05,2200.7333,1602.8427,0.979,100.0,95.3311,0.122,1.532,-0.0005,-0.0051,0.9518,197.8935,0.0,3.2775,400.753,10.5397,0.9702,187.3538,12.6006
3008.02,2425.16,2230.7555,1281.7862,1.0038,100.0,111.5489,0.1235,1.4411,0.0238,-0.0183,0.9489,201.9034,0.0,7.811,419.1435,10.77,0.9702,191.1334,12.4759
2993.53,2441.12,2180.7,1159.3838,1.0177,100.0,98.9367,0.1222,1.4909,-0.0034,-0.0088,0.9761,203.8317,0.0,12.6976,417.4887,9.4631,0.9732,194.3685,12.508
3003.08,2521.76,2183.3111,1588.509,1.6269,100.0,102.8467,0.1248,1.4102,0.0308,-0.0119,0.9642,197.0076,0.0,7.4221,411.0986,9.5747,0.9719,187.4329,12.5065
3053.95,2459.39,2183.1,1175.1481,1.7881,100.0,111.89,0.1256,1.3539,0.0088,-0.0022,0.9498,203.9062,0.0,8.5675,421.7719,10.7242,0.971,193.1819,12.5351
2933.89,2485.5,2189.6555,1200.5912,0.9898,100.0,98.0433,0.1215,1.5448,-0.0088,0.0057,0.9539,198.5519,0.0,12.1194,423.0623,10.5826,0.9716,187.9693,12.4998
2996.95,2446.92,2163.5889,1448.3869,1.7014,100.0,104.8333,0.1256,1.5713,-0.0125,-0.0065,0.9688,196.6883,0.0,7.0427,414.8541,9.6075,0.9631,187.0808,12.4998
3070.54,2406.4,2183.3111,1588.509,1.6269,100.0,102.8467,0.1248,1.5975,0.0104,-0.0095,0.9471,201.1689,0.0,10.7441,413.6401,8.1845,0.9711,192.9844,12.5471
3085.99,2550.52,2179.0778,1820.0613,1.6746,100.0,99.33,0.1261,1.4537,-0.0275,0.0002,0.9822,199.3353,0.0,6.7628,404.405,10.2926,0.9774,189.0427,12.4841
3094.34,2391.09,2207.0444,1269.6078,1.7571,100.0,97.0189,0.1221,1.4413,0.0136,0.0083,0.9603,198.8039,0.0,3.0406,411.2695,10.0541,0.9753,188.7498,12.5539
2973.71,2487.45,2163.5778,1434.2764,1.6241,100.0,105.0833,0.1249,1.5171,-0.0154,-0.0165,0.9647,203.9849,0.0,9.9348,408.29,10.6099,0.9712,193.375,12.5351
2934.01,2461.28,2168.7222,1212.104,1.5175,100.0,106.7589,0.1233,1.3322,0.0256,0.0073,0.9739,201.9994,0.0,3.1553,405.723,9.9689,0.971,192.0304,12.448
3043.22,2484.78,2191.5667,1448.8757,0.9187,100.0,104.4511,0.1261,1.515,-0.0114,-0.0075,0.9669,199.5213,0.0,12.3683,424.5635,10.0466,0.9723,189.4747,12.4849
3037.38,2441.16,2146.1111,1792.7115,1.6513,100.0,100.7244,0.1248,1.3552,0.0024,-0.015,0.9586,200.8669,0.0,10.0095,406.3165,10.7541,0.9667,190.1128,12.5351
2974.93,2473.34,2200.7333,1602.8427,0.979,100.0,95.3311,0.122,1.3947,0.0018,-0.0125,0.9562,198.5742,0.0,2.7716,397.3574,9.9788,0.9723,188.5955,12.5351
2973.55,2536.48,2235.0556,1302.6607,1.6347,100.0,109.9856,0.123,1.4969,-0.0098,-0.0134,0.9713,197.8825,0.0,10.5555,404.7087,10.3503,0.9811,187.5323,12.448
2964.74,2480.51,2163.5889,1448.3869,1.7014,100.0,104.8333,0.1256,1.4547,-0.0106,0.0088,0.9611,199.0842,0.0,10.63,400.9161,10.7654,0.9673,188.3188,12.5494
3057.56,2471.01,2180.7,1159.3838,1.0177,100.0,98.9367,0.1222,1.3784,0.0166,0.0083,0.6554,197.7383,0.0,8.753,423.2127,10.3951,0.5794,187.3432,12.5894
2954.41,2614.99,2208.2334,1517.0152,1.098,100.0,110.19,0.1247,1.4699,0.008,0.0058,0.9664,199.0747,0.0,8.8927,403.0156,10.0947,0.9785,188.9801,12.4849
2997.27,2619.88,2148.6223,1288.4151,1.499,100.0,107.9122,0.1254,1.456,0.0142,-0.0041,0.9764,203.4887,0.0,8.7325,406.4456,10.6895,0.9797,192.7992,12.448
3069.02,2474.37,2151.2,1089.5951,0.886,100.0,100.5622,0.1247,1.4192,0.0247,-0.0041,0.9805,198.9003,0.0,10.5047,445.3548,9.453,0.9805,189.4473,12.5031
2987.72,2550.52,2180.7,1159.3838,1.0177,100.0,98.9367,0.1222,1.4207,0.0016,-0.0056,0.9625,203.139,0.0,12.816,423.7855,9.4808,0.961,193.6582,12.4896
3057.06,2445.54,2183.3111,1588.509,1.6269,100.0,102.8467,0.1248,1.4902,-0.0013,0.0017,0.9541,201.7986,0.0,10.8525,409.9816,10.5452,0.9633,191.2534,12.5471
2976.4,2534.91,2185.3334,1780.4149,1.7632,100.0,93.9844,0.1215,1.4711,-0.0106,0.0065,0.9659,203.7687,0.0,7.4074,411.3695,9.9673,0.9621,193.8013,12.3686
3120.81,2349.27,2126.6555,1015.077,1.4381,100.0,102.4733,0.1255,1.5188,-0.0109,-0.0005,0.9797,196.0453,0.0,10.5245,417.1791,9.7435,0.9803,186.3018,12.5031
2984.05,2600.07,2235.0556,1302.6607,1.6347,100.0,109.9856,0.123,1.5634,-0.0059,-0.0029,0.9711,200.2441,0.0,10.899,425.6396,9.7049,0.9744,190.5392,12.4849
3071.29,2561.99,2219.1333,1167.9207,0.9002,100.0,97.9378,0.1203,1.4699,0.0112,-0.0112,0.9662,197.3234,0.0,6.7303,419.1987,10.2754,0.9607,187.048,12.5227
2965.67,2606.0,2155.6333,1070.0439,0.8024,100.0,101.4333,0.1241,1.4161,0.0209,-0.0095,0.9728,198.3902,0.0,11.6708,421.3578,9.4663,0.9748,188.9239,12.5553
3003.82,2527.25,2163.5889,1448.3869,1.7014,100.0,104.8333,0.1256,1.524,-0.0016,0.0061,0.9549,199.9288,0.0,6.5965,408.7776,10.832,0.9628,189.0968,12.4998
2970.71,2506.32,2180.8333,1435.0747,1.5082,100.0,107.3322,0.1261,1.5299,-0.0037,-0.0037,0.9684,199.8652,0.0,10.5981,411.7174,9.7917,0.965,190.0736,12.5471
3060.07,2693.2,2219.1333,1167.9207,0.9002,100.0,97.9378,0.1203,1.4469,0.0208,-0.0032,0.9563,204.2045,0.0,7.1805,407.5651,10.5389,0.9641,193.6656,12.5455
3108.24,2662.7,2183.3444,1111.4499,1.5548,100.0,97.5311,0.1236,1.5094,0.0039,0.0059,0.9752,199.6228,0.0,5.7127,398.4009,10.7989,0.9817,188.8239,12.4892
3008.5,2526.16,2173.6444,1458.7176,0.8811,100.0,101.5667,0.1258,1.5032,0.0266,-0.0081,0.9485,203.9961,0.0,12.6669,420.8905,10.3544,0.9703,193.6417,12.5553
3034.9,2598.02,2208.2334,1517.0152,1.098,100.0,110.19,0.1247,1.4119,-0.0031,0.0117,0.9569,200.2723,0.0,8.7724,401.4416,10.3867,0.9656,189.8856,12.5455
2884.65,2523.36,2208.2667,1656.221,0.9143,100.0,102.6267,0.1243,1.3761,0.0108,-0.0013,0.9694,203.6089,0.0,7.9538,413.6755,10.1611,0.9725,193.4479,12.5494
3028.5,2480.48,2234.5222,1590.2597,1.7889,100.0,93.1967,0.1188,1.471,0.0154,-0.0039,0.9578,200.1966,0.0,6.8229,410.4215,9.8812,0.9654,190.3154,12.5478
2941.25,2492.81,2219.1333,1167.9207,0.9002,100.0,97.9378,0.1203,1.5015,-0.0097,0.0133,0.9656,199.6883,0.0,7.8391,419.8217,9.7843,0.9716,189.904,12.5227
2980.11,2516.33,2201.8222,1288.0857,1.6769,100.0,95.9789,0.1209,1.4805,-0.0073,0.0025,0.9522,197.0832,0.0,6.6693,403.9057,10.7928,0.9603,186.2904,12.4998
3061.22,2384.19,2170.9667,1600.3858,1.043,100.0,104.9756,0.1249,1.4867,-0.0091,0.0005,0.9616,199.8174,0.0,11.3399,422.1476,10.708,0.9758,189.1094,12.5478
2933.27,2473.54,2183.3111,1588.509,1.6269,100.0,102.8467,0.1248,1.3973,0.0348,-0.017,0.9667,203.792,0.0,7.9459,415.37,10.7402,0.9811,193.0517,12.5065
2792.24,2533.76,2180.7,1159.3838,1.0177,100.0,98.9367,0.1222,1.546,-0.0149,-0.0024,0.9715,197.7082,0.0,5.7074,397.1866,10.7671,0.9809,186.9412,12.508
2991.74,2575.39,2173.6444,1458.7176,0.8811,100.0,101.5667,0.1258,1.5514,-0.0275,-0.0001,0.9681,196.9584,0.0,8.1367,413.7779,9.993,0.9733,186.9654,12.5478
2960.22,2502.25,2183.3111,1588.509,1.6269,100.0,102.8467,0.1248,1.57,0.0178,-0.0002,0.9457,198.4244,0.0,11.9112,421.8221,10.3256,0.9693,188.0988,12.5471
3078.79,2720.38,2167.2,1108.9456,1.4869,100.0,94.26,0.1249,1.5877,-0.0046,-0.0013,0.9683,195.8957,0.0,6.4152,402.6028,10.4771,0.9811,185.4186,12.4892
2953.55,2506.19,2146.1111,1792.7115,1.6513,100.0,100.7244,0.1248,1.451,0.0041,0.0021,0.9658,202.9072,0.0,9.6213,404.6424,10.7747,0.9718,192.1325,12.5351
2994.56,2505.35,2234.5222,1590.2597,1.7889,100.0,93.1967,0.1188,1.5755,-0.0009,-0.0027,0.9562,199.7065,0.0,6.2768,413.9843,9.8333,0.9639,189.8732,12.5478
2946.11,2491.9,2167.2,1108.9456,1.4869,100.0,94.26,0.1249,1.5602,-0.0006,-0.0044,0.9706,195.6162,0.0,6.7015,407.2508,10.6564,0.9822,184.9599,12.4996
2987.43,2508.22,2124.8444,1180.282,0.8465,100.0,100.7978,0.1257,1.5274,0.0075,0.0044,0.9694,200.9449,0.0,8.3687,418.5142,9.9029,0.9813,191.042,12.5031
3100.96,2547.83,2167.2,1108.9456,1.4869,100.0,94.26,0.1249,1.5288,-0.0144,-0.0046,0.97,194.7008,0.0,6.927,407.7636,10.5586,0.9821,184.1422,12.5031
3047.28,2186.06,2235.0556,1302.6607,1.6347,100.0,109.9856,0.123,1.4619,0.0189,-0.006,0.9651,197.1621,0.0,2.2935,817.003,9.9475,0.979,187.2146,12.5451
3076.81,2158.75,2208.2334,1517.0152,1.098,100.0,110.19,0.1247,1.4357,0.0089,0.0052,0.9655,199.7795,0.0,9.5309,412.8315,10.3272,0.9715,189.4522,12.5031
2951.62,2511.92,2253.5111,1397.506,0.966,100.0,109.7611,0.121,1.5527,0.0119,-0.0082,0.9572,199.7862,0.0,11.6535,413.2373,10.5044,0.9737,189.2818,12.4673
2930.42,2505.17,2235.0556,1302.6607,1.6347,100.0,109.9856,0.123,1.4588,-0.0143,0.0017,0.9702,198.3353,0.0,10.4761,420.1418,10.121,0.9802,188.2143,12.5031
2997.28,2357.99,2141.0667,1236.5212,0.9698,100.0,98.3344,0.1238,1.5973,-0.0534,-0.0284,0.9708,197.6416,0.0,9.3115,412.9151,9.4989,0.9744,188.1427,12.5455
3025.1,2475.18,2235.0556,1302.6607,1.6347,100.0,109.9856,0.123,1.5525,-0.0078,-0.0005,0.968,198.4894,0.0,11.6119,415.9781,10.1357,0.9788,188.3537,12.5059
2992.15,2538.05,2162.8445,1312.3198,0.8286,100.0,100.3633,0.1242,1.4509,0.0028,-0.0059,0.9664,200.187,0.0,7.7716,425.5928,10.1271,0.9807,190.0599,12.4849
3055.87,2569.67,2235.0556,1302.6607,1.6347,100.0,109.9856,0.123,1.481,0.0191,-0.0029,0.9678,196.7289,0.0,11.1189,417.5475,9.9107,0.9787,186.8182,12.5031
2971.23,2626.13,2183.3444,1111.4499,1.5548,100.0,97.5311,0.1236,1.3906,0.0047,-0.0069,0.9579,195.4009,0.0,6.2743,404.5037,10.5609,0.9758,184.84,12.4998
,2651.37,2180.7,1159.3838,1.0177,100.0,98.9367,0.1222,1.5301,-0.0063,0.0039,0.9631,198.8132,0.0,9.0689,407.2648,10.1332,0.9618,188.68,12.4896
3028.53,2480.42,2220.4778,1531.698,1.7751,100.0,107.6856,0.1249,1.5495,-0.018,-0.0218,0.8775,272.0451,0.0,9.0989,405.6441,102.8677,0.9768,169.1774,12.5451
3072.67,2487.08,2202.2889,1518.2905,0.9257,100.0,94.8922,0.1213,1.5657,-0.0079,0.0028,0.9531,197.2015,0.0,6.9304,407.5162,9.8532,0.9629,187.3482,12.6006
3048.78,2442.47,2183.3444,1111.4499,1.5548,100.0,97.5311,0.1236,1.4511,-0.0018,0.0013,0.9669,197.7106,0.0,5.1446,406.0384,10.7758,0.9762,186.9348,12.4784
2962.79,2560.69,2155.6333,1070.0439,0.8024,100.0,101.4333,0.1241,1.5391,0.0086,-0.0063,0.9524,200.4115,0.0,10.563,417.6844,10.5185,0.9707,189.893,12.481
3085.35,2503.86,2201.8222,1288.0857,1.6769,100.0,95.9789,0.1209,1.5166,-0.0088,0.0049,0.9773,203.8928,0.0,10.2454,413.8704,10.1975,0.9737,193.6953,12.4655
3037.82,2436.39,2167.2,1108.9456,1.4869,100.0,94.26,0.1249,1.5308,0.0055,-0.0062,0.9546,200.4794,0.0,7.8402,409.8728,10.6887,0.9747,189.7908,12.4706
3089.53,2695.57,2242.8555,1430.727,0.8832,100.0,106.21,0.1216,1.5219,-0.0022,-0.0003,0.9792,200.4165,0.0,8.2149,424.9716,9.7257,0.9814,190.6908,12.5059
3106.03,2506.42,2216.4778,1242.235,0.8379,100.0,105.1111,0.1233,1.5168,-0.0097,0.0009,0.9518,200.5661,0.0,6.821,407.0275,9.6056,0.9614,190.9605,12.4724
3050.22,3299.9272805573432,2242.8555,1430.727,0.8832,100.0,106.21,0.1216,1.6053,-0.0017,-0.0049,0.9694,200.851,0.0,7.375,418.1633,9.7107,0.9738,191.1403,12.4673
2929.6,2564.91,2216.4778,1242.235,0.8379,100.0,105.1111,0.1233,1.519,-0.0053,-0.0124,0.966,199.3192,0.0,7.2128,400.3552,10.6137,0.9802,188.7055,12.4618
3058.6,2568.35,2228.4444,1364.0563,0.8795,100.0,106.2756,0.1216,1.5886,-0.0044,0.0092,0.9714,201.2684,0.0,7.095,409.8962,9.8139,0.9756,191.4545,12.4618
2961.59,2585.06,2167.2,1108.9456,1.4869,100.0,94.26,0.1249,1.4863,-0.0064,-0.0059,0.9696,194.8339,0.0,8.7108,418.4021,10.5934,0.9817,184.2405,12.448
3158.88,2462.64,2216.4778,1242.235,0.8379,100.0,105.1111,0.1233,1.479,-0.0041,0.0095,0.9689,199.9411,0.0,6.6688,409.9817,9.629,0.9735,190.3121,12.5031
2945.19,2456.56,2216.4778,1242.235,0.8379,100.0,105.1111,0.1233,1.552,0.0175,0.0027,0.9768,200.5718,0.0,8.1971,416.7517,9.8077,0.9794,190.7641,12.4871
3071.43,2370.72,2216.4778,1242.235,0.8379,100.0,105.1111,0.1233,1.4103,-0.0089,0.0061,0.9788,200.6603,0.0,7.2552,425.6299,9.8026,0.981,190.8577,12.4892
3026.87,2436.85,2163.8667,1106.0618,1.6273,100.0,100.8,0.1251,1.4862,0.0014,-0.0056,0.9781,194.5337,0.0,7.1662,415.7168,9.4058,0.9797,185.1278,12.508
2983.83,2413.65,2235.0556,1302.6607,1.6347,100.0,109.9856,0.123,1.5828,0.0091,-0.0045,0.9681,197.1978,0.0,11.2427,411.4665,10.0197,0.9807,187.1781,12.5451
2923.26,2548.34,2216.4778,1242.235,0.8379,100.0,105.1111,0.1233,1.587,-0.0191,0.0064,0.9668,200.2693,0.0,10.4684,413.349,9.6348,0.9789,190.6345,12.4849
2967.53,2545.77,2155.6333,1070.0439,0.8024,100.0,101.4333,0.1241,1.5267,0.0228,0.0068,0.9715,199.386,0.0,9.6348,419.3355,9.4583,0.9744,189.9278,12.5351
2996.16,2449.26,2180.7,1159.3838,1.0177,100.0,98.9367,0.1222,1.4616,-0.01,0.0037,0.9583,199.3767,0.0,8.4764,400.0975,10.725,0.9739,188.6517,12.5227
3072.99,2471.62,2126.6555,1015.077,1.4381,100.0,102.4733,0.1255,1.5006,-0.0321,-0.0087,0.9698,197.3168,0.0,10.9411,406.7105,9.4798,0.9736,187.837,12.5351
3017.28,2590.95,2124.8444,1180.282,0.8465,100.0,100.7978,0.1257,1.5211,0.0206,-0.0159,0.969,200.4979,0.0,11.4927,416.3685,9.6928,0.9734,190.8051,12.4892
3009.4,2436.38,2164.3,1031.4032,1.3626,100.0,102.1322,0.1242,1.574,-0.0116,-0.0051,0.9635,199.8059,0.0,7.0985,416.359,10.0227,0.9792,189.7833,12.4824
2979.95,2518.44,2164.3,1031.4032,1.3626,100.0,102.1322,0.1242,1.4899,0.0005,0.0055,0.9676,199.7459,0.0,9.27,426.9702,10.0094,0.9813,189.7365,12.4824
2978.67,2559.32,2253.5111,1397.506,0.966,100.0,109.7611,0.121,1.5643,0.0263,-0.0021,0.9678,200.1374,0.0,9.2329,405.9453,10.4757,0.979,189.6617,12.5218
3108.5,2321.45,2162.8445,1312.3198,0.8286,100.0,100.3633,0.1242,1.3701,-0.0081,0.0013,0.9691,201.0986,0.0,7.0014,409.2618,9.6192,0.9744,191.4793,12.5031
3064.81,2538.43,2167.2,1108.9456,1.4869,100.0,94.26,0.1249,1.4866,0.0018,-0.0018,0.979,194.7933,0.0,8.7773,397.0927,9.8098,0.9794,184.9834,12.5094
3023.07,2484.55,2242.8555,1430.727,0.8832,100.0,106.21,0.1216,1.5613,-0.0028,0.0008,0.9665,197.4289,0.0,10.5239,418.3575,10.4001,0.9736,187.0288,12.4231
3032.98,2403.47,2180.7,1159.3838,1.0177,100.0,98.9367,0.1222,1.4234,-0.002,0.0027,0.9762,204.1234,0.0,16.365,429.5954,9.5397,0.973,194.5836,12.508
3750.670763065064,2571.21,2167.2,1108.9456,1.4869,100.0,94.26,0.1249,1.5607,0.0138,0.0039,0.9655,199.3313,0.0,6.354,412.8214,10.087,0.9799,189.2443,12.4996
3041.89,2458.12,2242.8555,1430.727,0.8832,100.0,106.21,0.1216,1.433,0.0388,0.0167,0.976,196.5961,0.0,3.8595,403.9058,10.503,0.9801,186.0931,12.4892
3006.39,2496.55,2220.4778,1531.698,1.7751,100.0,107.6856,0.1249,1.5624,-0.0159,0.0013,0.9811,197.3294,0.0,12.2403,408.2175,9.4949,0.9818,187.8345,12.5218
2976.75,2508.1,2242.8555,1430.727,0.8832,100.0,106.21,0.1216,1.4413,-0.0206,0.0151,0.975,196.88,0.0,11.3892,409.5023,10.3778,0.9797,186.5023,12.4996
3009.65,2515.97,2216.4778,1242.235,0.8379,100.0,105.1111,0.1233,1.5996,-0.0095,-0.0072,0.9559,200.4821,0.0,7.5901,404.3479,10.6751,0.9754,189.807,12.5351
3052.16,2576.19,2141.0667,1236.5212,0.9698,100.0,98.3344,0.1238,1.4922,0.0195,0.0003,0.963,197.0727,0.0,8.2874,406.2886,10.3426,0.9695,186.7301,12.5227
3033.91,2607.33,2164.3,1031.4032,1.3626,100.0,102.1322,0.1242,1.5835,-0.0236,0.0044,0.9524,200.9876,0.0,5.112,402.951,10.0777,0.9746,190.9098,12.58
2922.65,2560.92,2201.8222,1288.0857,1.6769,100.0,95.9789,0.1209,1.4838,0.0,-0.0074,0.9752,203.7049,0.0,10.7967,405.6717,10.1225,0.972,193.5824,12.508
2990.72,2425.46,2155.6333,1070.0439,0.8024,100.0,101.4333,0.1241,1.4756,0.0125,-0.0096,0.9816,198.4986,0.0,10.1323,414.9614,9.4603,0.9814,189.0383,12.448
2973.53,2532.81,2228.4444,1364.0563,0.8795,100.0,106.2756,0.1216,1.5731,0.0076,0.004,0.9652,200.3836,0.0,10.1586,416.7089,10.4951,0.9729,189.8885,12.4706
2898.08,2573.36,2159.0556,1084.3779,0.8184,100.0,100.7056,0.1249,1.4981,0.0022,-0.002,0.9766,198.6898,0.0,7.1735,404.3186,9.3949,0.9722,189.2949,12.5094
3042.36,2493.85,2124.8444,1180.282,0.8465,100.0,100.7978,0.1257,1.3725,0.0335,0.0001,0.9685,200.9639,0.0,7.4213,421.1456,9.9453,0.981,191.0187,12.4849
2977.46,2497.09,2183.3444,1111.4499,1.5548,100.0,97.5311,0.1236,1.3976,-0.0022,-0.0064,0.9676,193.7936,0.0,5.799,405.4969,9.4392,0.9723,184.3543,12.4998
2994.64,2666.04,2159.0556,1084.3779,0.8184,100.0,100.7056,0.1249,1.4268,0.0127,-0.0005,0.9778,198.5237,0.0,6.0522,407.8684,9.4095,0.9727,189.1142,12.5065
2984.68,2497.49,2179.0778,1820.0613,1.6746,100.0,99.33,0.1261,1.4794,0.0042,0.0089,0.932,200.2243,0.0,12.2192,410.2924,10.0009,0.9502,190.2234,12.1227
2949.82,2497.56,2173.4556,1433.6732,1.0304,100.0,110.5422,0.1245,1.4031,0.0027,0.0017,0.9544,204.03,0.0,7.3062,402.2922,10.6914,0.9632,193.3385,12.5553
2968.78,2501.48,2171.8222,1010.0662,0.8599,100.0,103.6356,0.1237,1.5415,0.0055,-0.0208,0.966,200.7314,0.0,10.4629,416.0259,9.0416,0.9608,191.6899,12.5592
3093.75,2440.82,2160.6,1124.5821,1.5257,100.0,98.7122,0.1246,1.5859,0.0286,-0.0035,0.963,199.4305,0.0,10.8755,423.2763,9.163,0.9787,190.2674,12.4824
2973.88,2449.17,2159.0556,1084.3779,0.8184,100.0,100.7056,0.1249,1.5071,-0.0085,-0.0068,0.9687,197.8729,0.0,8.6769,404.1517,9.3353,0.9725,188.5376,12.4673
2984.3,2481.2,2238.4556,1256.5186,1.3404,100.0,103.2589,0.1222,1.4773,0.0028,0.0101,0.9746,197.1441,0.0,8.9804,412.6388,9.3019,0.9768,187.8422,12.4618
2931.26,2527.77,2242.8555,1430.727,0.8832,100.0,106.21,0.1216,1.547,-0.0021,0.003,0.968,195.0624,0.0,5.9987,405.2985,9.4436,0.9728,185.6188,12.4673
2978.18,2484.78,2159.0556,1084.3779,0.8184,100.0,100.7056,0.1249,1.4661,-0.0057,0.0036,0.969,198.3914,0.0,10.6617,413.9935,9.3065,0.9732,189.0849,12.4673
2890.67,2574.32,2159.0556,1084.3779,0.8184,100.0,100.7056,0.1249,1.5157,-0.0158,0.0008,0.9531,201.5834,0.0,10.2639,410.0418,9.5372,0.9624,192.0462,12.4759
2971.43,2568.93,2167.2,1108.9456,1.4869,100.0,94.26,0.1249,1.5055,0.0354,-0.0032,0.951,198.2406,0.0,4.986,404.3037,10.1487,0.9717,188.0919,12.4706
3022.02,2323.34,2159.0556,1084.3779,0.8184,100.0,100.7056,0.1249,1.4527,0.0,-0.0055,0.9752,198.2131,0.0,12.5698,417.7679,9.6063,0.9794,188.6068,12.5218
2941.23,2505.38,2160.6,1124.5821,1.5257,100.0,98.7122,0.1246,1.4713,0.0384,0.0011,0.9529,199.7558,0.0,11.1116,416.9427,9.6635,0.9616,190.0923,12.58
3042.7,2355.11,2242.8555,1430.727,0.8832,100.0,106.21,0.1216,1.4817,0.003,0.0049,0.9771,197.4725,0.0,5.3541,400.4759,10.6081,0.9848,186.8644,12.499
3036.34,2468.91,2179.0778,1820.0613,1.6746,100.0,99.33,0.1261,1.5186,0.0171,0.0043,0.9658,197.2838,0.0,7.3383,421.9003,10.2402,0.9702,187.0436,12.4722
3045.38,2513.26,2124.8444,1180.282,0.8465,100.0,100.7978,0.1257,1.4309,0.0455,-0.0186,0.9537,200.5263,0.0,8.2795,421.7674,10.4038,0.9732,190.1225,12.481
2907.52,2547.13,2159.0556,1084.3779,0.8184,100.0,100.7056,0.1249,1.4043,0.0069,-0.0041,0.9641,198.5285,0.0,11.5415,415.8879,9.3944,0.9576,189.1341,12.5302
3033.29,2508.86,2124.8444,1180.282,0.8465,100.0,100.7978,0.1257,1.4708,0.0121,-0.0155,0.9538,199.8783,0.0,6.6656,413.3757,10.5538,0.9734,189.3245,12.4998
2895.71,2573.59,2173.6444,1458.7176,0.8811,100.0,101.5667,0.1258,1.5477,0.0197,0.0057,0.9477,203.3511,0.0,8.286,411.3554,12.4774,0.9596,190.8736,12.5494
2960.54,2508.09,2164.3,1031.4032,1.3626,100.0,102.1322,0.1242,1.3698,0.0141,0.004,0.9695,198.2963,0.0,8.7521,402.1171,10.3059,0.9748,187.9905,12.4673
3040.1,2369.95,2201.8222,1288.0857,1.6769,100.0,95.9789,0.1209,1.4542,-0.0002,-0.0007,0.9585,202.0761,0.0,7.8831,417.1031,9.5423,0.9561,192.5337,12.4469
2974.2,2449.16,2231.4889,1275.3021,1.6787,100.0,94.1256,0.1193,1.4868,-0.0089,0.0142,0.9639,199.8698,0.0,13.3652,408.6785,9.9121,0.9659,189.9577,12.5553
3114.92,2574.48,2200.0666,1012.6747,1.3954,100.0,103.0644,0.1212,1.4207,0.0101,-0.0269,0.9775,197.8585,0.0,3.8788,418.7713,9.4828,0.9719,188.3758,12.4871
2937.63,2499.72,2200.0666,1012.6747,1.3954,100.0,103.0644,0.1212,1.3946,-0.0019,0.0094,0.9645,200.8398,0.0,4.0524,411.7162,9.7651,0.9693,191.0747,12.4618
2943.9,2436.65,2173.4556,1433.6732,1.0304,100.0,110.5422,0.1245,1.4454,0.0046,0.0101,0.9564,200.2648,0.0,3.904,417.5085,10.4094,0.9588,189.8553,12.4753
2985.38,2542.34,2200.0666,1012.6747,1.3954,100.0,103.0644,0.1212,1.4791,-0.0117,-0.0053,0.9614,197.9212,0.0,11.4399,421.4733,9.5986,0.9798,188.3226,12.4618
3032.07,2477.72,2172.4,1148.4101,1.2614,100.0,102.4522,0.1227,1.4444,-0.0014,0.0001,0.9773,197.8998,0.0,4.7449,421.7269,9.4879,0.9715,188.4119,12.4922
3065.45,2698.14,2200.0666,1012.6747,1.3954,100.0,103.0644,0.1212,1.4522,-0.0099,-0.002,0.9655,201.5791,0.0,4.9371,423.0952,9.6373,0.9706,191.9418,12.4922
2966.94,2509.22,2113.0778,1016.675,0.9218,100.0,97.92,0.1265,1.4209,-0.0262,0.0018,0.9548,197.3651,0.0,10.691,409.6919,10.0094,0.9641,187.3557,12.5471
3010.4,,2172.4,1148.4101,1.2614,100.0,102.4522,0.1227,1.3843,-0.001,-0.0004,0.9692,198.2033,0.0,4.0447,419.7256,9.445,0.9628,188.7583,12.5302
2967.54,2573.09,2160.6,1124.5821,1.5257,100.0,98.7122,0.1246,1.475,0.0248,-0.0097,0.9551,201.264,0.0,10.2465,412.7845,9.5841,0.9633,191.6799,12.4231
2891.17,2480.11,2171.8556,940.9917,1.2906,100.0,103.4733,0.1234,1.5334,0.0098,0.001,0.9766,200.269,0.0,11.056,405.3603,9.3546,0.9713,190.9144,12.4922
2992.61,2541.13,2171.8556,940.9917,1.2906,100.0,103.4733,0.1234,1.4373,-0.0027,0.0034,0.9781,199.5909,0.0,9.4845,403.5943,9.3086,0.9728,190.2823,12.4892
2924.96,2564.29,2171.8556,940.9917,1.2906,100.0,103.4733,0.1234,1.3949,0.0084,-0.0031,0.9764,198.1286,0.0,10.6073,407.9911,9.3269,0.9712,188.8016,12.4922
2956.18,2435.99,2171.8556,940.9917,1.2906,100.0,103.4733,0.1234,1.4635,0.0101,-0.0075,0.9782,199.3273,0.0,7.4312,397.3341,9.6195,0.9813,189.7079,12.4922
3020.4,2690.55,2171.8556,940.9917,1.2906,100.0,103.4733,0.1234,1.5227,0.0088,-0.0164,0.9688,200.5035,0.0,11.0309,414.3964,9.2883,0.9633,191.2152,12.4784
3059.01,2641.11,2171.8556,940.9917,1.2906,100.0,103.4733,0.1234,1.4402,0.0035,-0.0001,0.9773,200.0096,0.0,8.8318,401.4761,9.3785,0.9721,190.6311,12.499
2993.11,2498.91,2171.8556,940.9917,1.2906,100.0,103.4733,0.1234,1.4701,-0.0181,-0.001,0.974,197.574,0.0,7.2066,405.593,10.5074,0.9747,187.0666,12.5218
2987.75,2574.53,2183.5,1099.0027,1.3593,100.0,104.4156,0.122,1.447,-0.0093,-0.0009,0.9645,203.9315,0.0,8.2945,409.0844,10.5935,0.9707,193.338,12.4618
3004.71,2329.66,2217.8667,1275.0917,1.5487,100.0,105.2933,0.123,1.4256,-0.0125,0.0031,0.9659,198.0151,0.0,8.2822,410.5357,10.4994,0.9602,187.5158,12.4706
2931.4,2573.21,2171.8556,940.9917,1.2906,100.0,103.4733,0.1234,1.4002,0.0153,0.0065,0.9778,200.298,0.0,10.3117,409.3168,9.3242,0.9733,190.9738,12.4922
3108.56,2468.65,2201.0667,880.2317,1.4148,100.0,106.5478,0.1211,1.4385,-0.0171,0.007,0.9641,198.0647,0.0,11.0782,428.3274,9.6674,0.9692,188.3973,12.488
3071.8,2517.65,2200.0666,1012.6747,1.3954,100.0,103.0644,0.1212,1.3949,0.0065,-0.0018,0.9665,201.0295,0.0,9.1238,399.5597,9.6269,0.9733,191.4026,12.5302
2989.44,2487.66,2201.0667,880.2317,1.4148,100.0,106.5478,0.1211,1.5301,-0.0023,0.002,0.9583,198.3662,0.0,10.5812,412.0818,9.7374,0.9649,188.6288,12.4876
2996.89,2492.4,2217.8667,1275.0917,1.5487,100.0,105.2933,0.123,1.5455,-0.014,-0.0039,0.9752,203.7805,0.0,10.3926,414.5219,8.7181,0.9679,195.0624,12.5018
2990.85,2485.99,2167.9444,861.8041,1.414,100.0,106.6033,0.1243,1.4647,-0.0212,0.0009,0.9662,204.1112,0.0,11.0871,420.1573,9.5734,0.9719,194.5378,12.488
3059.43,2473.55,2214.9333,1663.7024,1.0203,100.0,100.4456,0.1247,1.4262,-0.0209,0.002,0.9769,201.5588,0.0,9.932,411.5461,8.9606,0.9804,192.5982,12.499
3024.54,2420.25,2167.9444,861.8041,1.414,100.0,106.6033,0.1243,1.4849,-0.0072,-0.0033,0.9771,197.6563,0.0,9.602,423.7206,9.5974,0.9806,188.0589,12.5602
3069.44,2459.5,2183.5,1099.0027,1.3593,100.0,104.4156,0.122,1.5549,-0.013,0.0074,0.964,203.8706,0.0,9.2649,404.2915,9.7467,0.9704,194.124,12.5218
2989.37,2584.75,2167.9444,861.8041,1.414,100.0,106.6033,0.1243,1.5097,-0.0023,0.0045,0.9511,198.1011,0.0,10.0816,424.5496,8.9458,0.9592,189.1553,12.58
3147.74,2281.35,2171.8556,940.9917,1.2906,100.0,103.4733,0.1234,1.4867,0.0014,0.0092,0.9758,197.7229,0.0,10.1981,421.1547,9.5784,0.9801,188.1445,12.4922
3031.65,2565.47,2184.8889,905.1501,1.3378,100.0,106.69,0.1226,1.4819,-0.0153,0.0129,0.9564,199.4854,0.0,7.8278,404.2026,10.3529,0.9646,189.1325,12.58
3007.85,2685.06,2217.8667,1275.0917,1.5487,100.0,105.2933,0.123,1.4464,-0.0081,-0.0037,0.9636,197.9001,0.0,9.5794,414.4638,8.9822,0.9688,188.9179,12.499
2990.76,2449.25,2172.9667,1058.2061,0.8433,100.0,104.7189,0.1232,1.3421,-0.0283,0.0084,0.9682,198.6232,0.0,10.7206,420.5469,10.1819,0.9813,188.4413,12.508
3017.53,2524.09,2201.0667,880.2317,1.4148,100.0,106.5478,0.1211,1.372,-0.0005,0.0052,0.9675,198.0364,0.0,10.1995,415.3266,8.9253,0.9716,189.1111,12.4871
2980.53,2221.1,2167.9444,861.8041,1.414,100.0,106.6033,0.1243,1.5782,-0.0092,0.0054,0.962,203.1553,0.0,12.3114,415.6212,9.8182,0.9783,193.3371,12.4965
2925.34,2521.85,2184.8889,905.1501,1.3378,100.0,106.69,0.1226,1.4872,-0.0065,0.0066,0.9632,203.9564,0.0,10.9891,416.8214,9.7173,0.9547,194.2392,12.4333
3048.42,2691.96,2167.9444,861.8041,1.414,100.0,106.6033,0.1243,1.4449,-0.0099,0.0037,0.9472,198.1909,0.0,8.7002,418.7121,9.6242,0.9558,188.5666,12.4965
2998.18,2615.96,2171.3222,966.5755,0.8066,100.0,107.17,0.1242,1.5516,-0.0179,0.0036,0.9696,200.3871,0.0,11.2628,418.6294,9.5532,0.9734,190.8339,12.5602
3032.45,2455.32,2172.4,1148.4101,1.2614,100.0,102.4522,0.1227,1.4266,-0.0146,-0.0023,0.9754,203.8276,0.0,12.125,412.2903,8.5184,0.9715,195.3092,12.4871
2986.5,2497.13,2236.0667,1680.1825,1.4834,100.0,98.6889,0.1221,1.5456,-0.0208,0.0168,0.9669,197.6831,0.0,9.5598,410.603,10.5436,0.9708,187.1395,12.4849
2939.6,2541.12,2233.1556,1434.9983,1.5188,100.0,102.6611,0.1235,1.3575,-0.0252,-0.0028,0.9675,197.8719,0.0,10.3628,406.8315,9.595,0.9606,188.277,12.5302
3041.23,2487.83,2183.5,1099.0027,1.3593,100.0,104.4156,0.122,1.5283,-0.0027,0.0095,0.9672,204.7282,0.0,9.1652,426.3737,9.6397,0.9715,195.0885,12.5906
3072.21,2610.62,2214.9333,1663.7024,1.0203,100.0,100.4456,0.1247,1.4403,-0.0169,0.0213,0.9572,198.1072,0.0,8.8626,404.9777,10.5964,0.9732,187.5109,12.3865
3017.87,2467.4,2217.8667,1275.0917,1.5487,100.0,105.2933,0.123,1.467,-0.0088,-0.001,0.9748,203.1983,0.0,9.5055,419.3469,9.703,0.9774,193.4953,12.5018
3119.97,2373.03,2184.8889,905.1501,1.3378,100.0,106.69,0.1226,1.3984,-0.0108,0.01,0.9778,197.0908,0.0,9.8886,405.6852,9.2833,0.972,187.8074,12.4655
2743.24,2614.54,2171.3222,966.5755,0.8066,100.0,107.17,0.1242,1.5166,-0.0118,-0.006,0.9674,197.9391,0.0,10.6315,416.4355,8.816,0.9718,189.1232,12.4706
3068.56,2363.52,2171.3222,966.5755,0.8066,100.0,107.17,0.1242,1.5316,-0.0214,-0.0073,0.9735,203.8259,0.0,11.7855,411.4437,8.5245,0.9665,195.3014,12.5218
3022.04,2482.88,2214.9333,1663.7024,1.0203,100.0,100.4456,0.1247,1.4955,-0.0222,0.0132,0.9577,198.0752,0.0,10.5264,415.4112,10.5281,0.973,187.547,12.4333
2954.46,2449.48,2236.0667,1680.1825,1.4834,100.0,98.6889,0.1221,1.5089,-0.0131,0.021,0.9746,197.338,0.0,10.3933,415.943,8.5745,0.9672,188.7635,12.4996
2978.62,2478.81,2236.0667,1680.1825,1.4834,100.0,98.6889,0.1221,1.4149,-0.0045,0.0085,0.9541,199.4284,0.0,10.1682,410.9917,9.5091,0.9615,189.9193,12.5302
2938.27,2447.28,2201.0667,880.2317,1.4148,100.0,106.5478,0.1211,1.4829,-0.0072,0.0114,0.9769,201.4058,0.0,13.2746,426.0035,8.5746,0.9704,192.8312,12.4871
2976.24,2411.42,2233.1556,1434.9983,1.5188,100.0,102.6611,0.1235,1.3785,-0.0026,0.0055,0.9796,203.9187,0.0,12.0742,420.4144,8.5737,0.9723,195.345,12.488
2993.04,2504.66,2229.3333,1553.3158,1.5123,100.0,102.78,0.1235,1.4479,0.0073,0.0083,0.9571,200.1112,0.0,11.3239,414.8853,9.5151,0.9637,190.5961,12.5302
3083.33,2440.21,2171.8556,940.9917,1.2906,100.0,103.4733,0.1234,1.4821,-0.0171,0.0073,0.9648,201.3105,0.0,8.0985,395.8814,10.1302,0.9608,191.1803,12.459
2992.39,2591.83,2233.1556,1434.9983,1.5188,100.0,102.6611,0.1235,1.3969,0.0116,0.0016,0.9647,204.252,0.0,8.9637,403.3415,10.1329,0.9612,194.1191,12.5227
3049.8,2512.79,2165.8666,847.7976,1.4274,100.0,108.6589,0.1236,1.5869,-0.0344,-0.0019,0.955,200.7743,0.0,9.0712,409.5993,10.3887,0.9626,190.3855,12.5302
3034.55,2473.39,2233.1556,1434.9983,1.5188,100.0,102.6611,0.1235,1.4012,-0.0112,0.0029,0.9688,199.1838,0.0,11.8806,414.919,9.6096,0.9737,189.5742,12.4996
3068.38,2515.32,2165.8666,847.7976,1.4274,100.0,108.6589,0.1236,1.4473,-0.0207,0.0196,0.9768,201.4976,0.0,7.7666,394.908,9.8335,0.9811,191.664,12.488
2961.59,2513.79,2229.3333,1553.3158,1.5123,100.0,102.78,0.1235,1.4679,-0.0022,0.0098,0.9742,204.3236,0.0,10.5026,402.9326,9.8325,0.9699,194.4911,12.5451
3085.78,2428.95,2229.3333,1553.3158,1.5123,100.0,102.78,0.1235,1.4895,-0.0393,-0.0032,0.9425,199.8708,0.0,10.3423,425.5928,9.309,0.9675,190.5618,12.5351
3020.29,2433.99,2217.8111,1744.7771,0.9618,100.0,100.1789,0.1218,1.495,-0.0097,-0.0054,0.9679,201.6603,0.0,9.8304,426.9548,9.4946,0.9728,192.1657,12.4618
3011.84,2604.99,2167.9444,861.8041,1.414,100.0,106.6033,0.1243,1.3857,-0.0027,0.0031,0.9664,200.6684,0.0,9.9996,421.7305,10.1641,0.9809,190.5043,12.5602
2979.45,2546.78,2217.8111,1744.7771,0.9618,100.0,100.1789,0.1218,1.4786,-0.0179,0.0085,0.9586,201.3674,0.0,10.8834,416.5229,9.7994,0.9759,191.568,12.3865
3098.04,2386.33,2236.0667,1680.1825,1.4834,100.0,98.6889,0.1221,1.3877,0.0149,0.0131,0.9683,204.0978,0.0,9.5241,400.8449,9.9224,0.9646,194.1754,12.5471
3080.57,2428.25,2217.8667,1275.0917,1.5487,100.0,105.2933,0.123,1.4975,-0.0248,0.0135,0.9646,198.8787,0.0,12.6648,413.7464,9.3821,0.9706,189.4966,12.5041
2938.11,2471.74,2233.1556,1434.9983,1.5188,100.0,102.6611,0.1235,1.489,-0.0058,-0.0026,0.9724,197.7375,0.0,9.4795,406.9507,9.9427,0.9652,187.7949,12.3865
3073.57,2419.18,2171.3222,966.5755,0.8066,100.0,107.17,0.1242,1.5095,-0.0272,-0.0044,0.9767,197.7105,0.0,7.5917,402.8236,9.8599,0.9703,187.8507,12.4871
3057.31,2481.53,2214.9333,1663.7024,1.0203,100.0,100.4456,0.1247,1.483,-0.0328,0.0048,0.9663,197.739,0.0,8.7923,399.654,10.5027,0.9703,187.2363,12.4824
2979.86,2545.48,2229.3333,1553.3158,1.5123,100.0,102.78,0.1235,1.5227,-0.0207,0.0192,0.9766,200.7038,0.0,10.6532,408.7933,8.4628,0.9699,192.2409,12.488
3113.13,2459.14,2159.0556,1084.3779,0.8184,100.0,100.7056,0.1249,1.4548,0.0086,0.0061,0.976,198.3094,0.0,12.4662,420.5236,10.157,0.9798,188.1524,12.4871
3094.95,2505.7,2201.0667,880.2317,1.4148,100.0,106.5478,0.1211,1.5277,-0.0239,0.0149,0.9755,204.0975,0.0,9.5575,409.5131,8.5585,0.9684,195.539,12.4824
2978.89,2523.93,2217.8111,1744.7771,0.9618,100.0,100.1789,0.1218,1.4611,-0.0088,0.0121,0.9636,200.4547,0.0,12.6135,434.1288,9.5141,0.969,190.9405,12.499
3005.61,2393.56,2214.9333,1663.7024,1.0203,100.0,100.4456,0.1247,1.3898,-0.0229,0.0191,0.969,203.3658,0.0,11.9668,413.7951,8.5946,0.9606,194.7712,12.3865
2965.5,2366.36,2184.8889,905.1501,1.3378,100.0,106.69,0.1226,1.4429,-0.0293,0.0013,0.9704,198.0801,0.0,12.2199,416.4763,9.8155,0.9659,188.2646,12.5896
2933.05,2514.76,2229.3333,1553.3158,1.5123,100.0,102.78,0.1235,1.4252,-0.0221,0.0046,0.9698,199.0942,0.0,12.2971,434.3615,9.3405,0.9825,189.7538,12.488
2970.25,2432.02,2233.1556,1434.9983,1.5188,100.0,102.6611,0.1235,1.4805,0.0203,-0.0178,0.9761,197.6898,0.0,10.1615,409.4109,9.4312,0.9707,188.2587,12.4618
3005.8,2669.09,2233.1556,1434.9983,1.5188,100.0,102.6611,0.1235,1.5092,-0.0133,-0.0014,0.9657,204.4079,0.0,9.3531,400.9549,9.7267,0.9601,194.6811,12.5302
3015.13,2605.97,2233.1556,1434.9983,1.5188,100.0,102.6611,0.1235,1.3725,-0.0152,0.0169,0.9709,197.8371,0.0,10.2408,405.9123,9.9707,0.9644,187.8664,12.5455
3110.23,2397.92,2184.8889,905.1501,1.3378,100.0,106.69,0.1226,1.4349,0.0062,0.0084,0.9493,200.6713,0.0,11.589,401.8895,10.3699,0.9579,190.3015,12.4231
3018.34,2556.62,2217.8111,1744.7771,0.9618,100.0,100.1789,0.1218,1.4671,-0.014,0.0142,0.9541,201.5879,0.0,12.4421,431.6958,9.4588,0.9626,192.1291,12.431
3067.95,2461.41,2233.1556,1434.9983,1.5188,100.0,102.6611,0.1235,1.5182,-0.0163,0.0034,0.9748,197.6733,0.0,12.1708,417.1485,10.0717,0.9792,187.6016,12.4965
3046.22,2715.5,2171.3222,966.5755,0.8066,100.0,107.17,0.1242,1.37,-0.0234,-0.0043,0.9772,197.5608,0.0,14.2883,421.1007,9.8386,0.972,187.7223,12.5602
2960.65,2442.71,2159.0556,1084.3779,0.8184,100.0,100.7056,0.1249,1.4623,0.003,-0.0017,0.9668,201.2558,0.0,10.2015,409.5221,9.5805,0.9722,191.6753,12.5218
3165.51,2380.33,2215.3889,1779.1892,0.8552,100.0,101.2178,0.1226,1.4341,-0.0101,-0.0072,0.964,198.0686,0.0,10.7361,412.2629,9.7841,0.9605,188.2845,12.4673
3024.24,2446.06,2165.8666,847.7976,1.4274,100.0,108.6589,0.1236,1.5034,0.0083,-0.0002,0.9758,204.1352,0.0,8.342,409.5434,9.882,0.9715,194.2532,12.4922
3011.84,2451.12,2215.3889,1779.1892,0.8552,100.0,101.2178,0.1226,1.5291,-0.011,-0.0094,0.9666,198.8732,0.0,11.9385,425.896,10.1293,0.9806,188.7438,12.4618
2951.67,2521.41,2165.8666,847.7976,1.4274,100.0,108.6589,0.1236,1.3636,-0.0236,-0.0121,0.9632,199.2519,0.0,12.5993,427.5618,9.8614,0.9777,189.3906,12.58
3025.81,2314.35,2179.2,875.7538,1.2708,100.0,106.96,0.1213,1.4243,0.0076,-0.0058,0.9655,197.9876,0.0,13.364,412.722,9.3832,0.9605,188.6044,12.4896
2917.17,2379.31,2215.3889,1779.1892,0.8552,100.0,101.2178,0.1226,1.4643,0.0047,0.0039,0.9551,199.0672,0.0,18.4695,434.2311,8.9854,0.9633,190.0818,12.5896
3122.43,2541.55,2233.1556,1434.9983,1.5188,100.0,102.6611,0.1235,1.4853,-0.0186,-0.0069,0.977,197.2826,0.0,11.6025,422.6972,10.004,0.9806,187.2786,12.5041
2960.04,2292.4,2215.3889,1779.1892,0.8552,100.0,101.2178,0.1226,1.4644,0.0049,-0.002,0.9722,201.8538,0.0,10.863,409.9702,9.7464,0.9775,192.1074,
2991.62,2540.36,2172.2778,1085.3232,0.7955,100.0,105.7633,0.1221,1.4601,0.0047,-0.0072,0.9667,201.2181,0.0,11.5995,426.859,9.3646,0.962,191.8536,12.431
3205.08,2286.45,2184.8889,905.1501,1.3378,100.0,106.69,0.1226,1.5099,-0.0135,0.0035,0.9683,197.4777,0.0,8.6783,403.8473,10.4756,0.9721,187.0021,12.4824
2965.52,2539.47,2201.0667,880.2317,1.4148,100.0,106.5478,0.1211,1.413,-0.0167,0.0224,0.9789,200.4929,0.0,9.6713,407.477,8.7153,0.9813,191.7776,12.499
3046.63,2440.05,2214.9333,1663.7024,1.0203,100.0,100.4456,0.1247,1.4063,-0.0106,0.0145,0.9639,201.0608,0.0,10.9501,408.3181,8.4896,0.9577,192.5712,12.4673
3110.14,2474.3,2242.4333,1543.8401,1.4994,100.0,98.1133,0.1218,1.4165,0.0148,0.0309,0.9768,201.5248,0.0,14.2211,427.1944,9.3172,0.9715,192.2077,12.5041
3005.14,2443.39,2150.5889,868.5387,1.3597,100.0,105.6089,0.1236,1.4194,-0.0027,0.0217,0.9654,201.7945,0.0,12.1786,412.79,8.4169,0.9591,193.3776,12.4784
3064.13,2526.22,2205.7222,906.9522,1.3443,100.0,105.66,0.12,1.402,-0.017,-0.0026,0.9681,198.3196,0.0,9.991,408.4724,8.9392,0.9728,189.3803,12.4333
3073.93,2472.68,2227.2444,1329.8933,0.948,100.0,107.8778,0.122,1.4443,0.0005,0.0022,0.9716,201.9615,0.0,9.7589,411.0656,10.2978,0.9762,191.6638,12.4859
3010.92,2491.13,2179.2,875.7538,1.2708,100.0,106.96,0.1213,1.4721,0.0008,0.0077,0.9769,201.5765,0.0,9.5012,408.9061,9.3337,0.9702,192.2428,12.5182
3040.91,,2205.7222,906.9522,1.3443,100.0,105.66,0.12,1.4602,-0.0061,-0.0043,0.9519,202.4195,0.0,9.5,406.1163,9.7444,0.9597,192.6751,12.4333
3004.63,2559.7,2220.4001,1389.2768,1.5976,100.0,100.9711,0.1249,1.3807,-0.0119,0.0126,0.9549,202.2491,0.0,10.3773,403.4329,10.7802,0.9742,191.4688,12.3865
2988.5,2560.75,2214.9333,1663.7024,1.0203,100.0,100.4456,0.1247,1.4416,0.0135,0.0051,0.9665,201.8868,0.0,9.1581,408.8896,9.2292,0.9623,192.6575,12.4706
2965.28,2482.61,2205.7222,906.9522,1.3443,100.0,105.66,0.12,1.5214,-0.0037,-0.0055,0.9715,201.6851,0.0,10.8559,402.3713,10.2346,0.9759,191.4506,12.4876
2978.87,2503.09,2171.3222,966.5755,0.8066,100.0,107.17,0.1242,1.5126,-0.0133,0.0132,0.9663,197.8622,0.0,13.7758,415.7274,8.5913,0.9588,189.2709,12.3865
3045.88,2506.6,2229.3333,1553.3158,1.5123,100.0,102.78,0.1235,1.4667,-0.0472,-0.0077,0.9733,199.1909,0.0,11.7127,414.6093,9.4576,0.978,189.7334,12.44
3005.53,2479.24,2171.3222,966.5755,0.8066,100.0,107.17,0.1242,1.4924,-0.0185,0.0057,0.9668,205.0389,0.0,11.9662,414.8114,9.5805,0.9725,195.4583,12.5094
3026.32,2485.81,2205.7222,906.9522,1.3443,100.0,105.66,0.12,1.4943,0.0279,0.0121,0.9531,202.0933,0.0,9.1574,401.1328,10.7071,0.9732,191.3862,12.4784
2972.22,2519.87,2215.3889,1779.1892,0.8552,100.0,101.2178,0.1226,1.4922,0.0045,-0.0087,0.9658,197.7814,0.0,12.3807,414.8296,9.5258,0.9736,188.2556,12.459
3043.49,2476.75,2205.7222,906.9522,1.3443,100.0,105.66,0.12,1.3923,0.0061,0.0091,0.9731,201.77,0.0,14.3185,428.693,9.2755,0.9664,192.4945,12.5896
3219.6,2329.44,2201.0667,880.2317,1.4148,100.0,106.5478,0.1211,1.4112,-0.0156,0.0174,0.9643,203.8909,0.0,9.6943,408.1724,9.1388,0.9572,194.7522,12.5139
3096.81,2476.95,2205.7222,906.9522,1.3443,100.0,105.66,0.12,1.4333,0.0022,-0.0045,0.9631,197.8386,0.0,11.2825,397.5554,10.5357,0.9789,187.3029,12.5018
3101.28,2464.33,2216.5111,871.2526,1.2366,100.0,107.4867,0.1194,1.4063,-0.0101,0.0022,0.9733,199.8722,0.0,13.3456,424.9295,8.974,0.9668,190.8981,12.5545
3070.07,2459.22,2216.5111,871.2526,1.2366,100.0,107.4867,0.1194,1.4125,-0.0199,0.0024,0.9776,199.9365,0.0,12.2715,417.7363,9.0234,0.9715,190.9131,12.4773
3068.81,2543.62,2221.5333,1738.1057,1.3844,100.0,99.7633,0.1228,1.4918,-0.0068,0.0005,0.9485,198.4077,0.0,11.225,397.683,10.6184,0.9722,187.7893,12.4027
2943.83,2445.17,2236.0667,1680.1825,1.4834,100.0,98.6889,0.1221,1.4674,0.0161,0.0005,0.9657,198.1874,0.0,10.9682,418.2704,9.4327,0.9608,188.7546,12.5302
2992.33,2513.22,2229.3333,1553.3158,1.5123,100.0,102.78,0.1235,1.4271,-0.0136,0.0197,0.9705,201.6123,0.0,10.5915,401.6824,9.3692,0.966,192.2431,12.4706
2949.77,2522.32,2205.7222,906.9522,1.3443,100.0,105.66,0.12,1.4586,-0.0011,0.0056,0.9644,197.7065,0.0,15.5338,419.458,9.7207,0.979,187.9857,12.4618
3003.13,2498.3,2227.2444,1329.8933,0.948,100.0,107.8778,0.122,1.4374,-0.0128,-0.0064,0.9583,197.8146,0.0,10.1364,420.072,9.0208,0.9646,188.7937,12.5986
3000.68,2432.18,2198.2667,986.5558,0.8652,100.0,105.0589,0.1209,1.4115,-0.013,-0.0022,0.9693,203.6192,0.0,10.4848,417.9924,9.4019,0.9742,194.2173,10.7151
3056.4,2502.48,2173.6222,918.8631,1.2742,100.0,107.1889,0.1217,1.4906,-0.0061,-0.0084,0.966,203.6377,0.0,11.8499,415.9759,9.0277,0.9607,194.61,12.5986
2964.83,2516.95,2210.9778,1572.4698,1.0204,100.0,106.2089,0.1222,1.4874,-0.0016,-0.0119,0.9777,203.0916,0.0,3.5524,397.0123,10.0459,0.9811,193.0457,12.5043
2967.98,2512.65,2210.9778,1572.4698,1.0204,100.0,106.2089,0.1222,1.4401,-0.0214,-0.0023,0.9644,203.1809,0.0,9.1797,412.3204,10.2758,0.9699,192.905,12.4867
,2608.11,2216.5111,871.2526,1.2366,100.0,107.4867,0.1194,1.4968,0.0063,-0.0024,0.97,198.3394,0.0,8.93,406.8145,10.5468,0.9736,187.7926,12.4755
2994.75,2583.36,2210.9778,1572.4698,1.0204,100.0,106.2089,0.1222,1.4476,0.0169,0.0025,0.9714,197.9483,0.0,12.6703,428.8017,9.5779,0.9772,188.3704,12.4859
2984.8,2508.03,2250.7445,996.4071,0.8572,100.0,106.2956,0.1172,1.4436,-0.0053,-0.0014,0.9653,204.2556,0.0,8.7208,404.5743,10.5403,0.9709,193.7152,12.5063
3048.25,2523.94,2242.4333,1543.8401,1.4994,100.0,98.1133,0.1218,1.4583,0.0144,0.0015,0.9763,197.5413,0.0,8.5675,413.6188,9.3825,0.9689,188.1589,12.4824
3063.44,2510.76,2216.6778,1567.4646,1.3617,100.0,96.5556,0.123,1.5453,-0.0101,0.0023,0.9737,197.7569,0.0,8.8421,410.5644,9.5482,0.9688,188.2087,12.4773
3136.34,2442.45,2250.7445,996.4071,0.8572,100.0,106.2956,0.1172,1.4285,-0.0222,-0.0006,0.9554,203.8703,0.0,12.5004,419.7329,9.7339,0.9748,194.1364,12.4614
3048.54,2353.21,2210.9778,1572.4698,1.0204,100.0,106.2089,0.1222,1.5251,0.0061,-0.0002,0.9688,198.7298,0.0,10.1026,417.5199,9.4014,0.9796,189.3284,12.4743
2992.37,2484.27,2210.9778,1572.4698,1.0204,100.0,106.2089,0.1222,1.5031,0.0145,-0.0005,0.963,197.8248,0.0,8.2667,401.8135,10.495,0.979,187.3299,12.4773
3037.92,2361.5,2210.9778,1572.4698,1.0204,100.0,106.2089,0.1222,1.5251,0.0468,-0.001,0.9753,197.6786,0.0,10.4507,414.6213,9.1843,0.9704,188.4943,12.4755
3069.73,2533.45,2218.6333,870.562,1.3084,100.0,106.9089,0.1195,1.4645,0.0148,0.0016,0.9669,198.1491,0.0,10.1096,413.6166,9.1863,0.9618,188.9628,10.7151
3027.92,2636.81,2189.2333,972.1465,1.3796,100.0,103.5789,0.1207,1.4621,0.0084,-0.0021,0.976,202.7079,0.0,9.2315,409.4366,9.6365,0.9797,193.0714,12.4755
3028.97,2415.87,2136.4111,1172.5767,0.7809,100.0,106.6633,0.1245,1.4231,-0.0196,-0.0041,0.9658,198.2541,0.0,11.4965,406.9756,10.9504,0.9817,187.3037,12.5202
2970.11,2437.82,2136.4111,1172.5767,0.7809,100.0,106.6633,0.1245,1.5131,-0.0105,0.0057,0.9749,201.9487,0.0,3.7868,400.2632,10.6251,0.9796,191.3236,12.5202
2957.59,2441.8,2189.8778,1158.0925,1.5291,100.0,107.82,0.1219,1.4903,-0.0064,-0.0028,0.9606,202.7931,0.0,15.4701,414.3791,9.9272,0.9788,192.8659,12.5202
3061.59,2483.44,2151.6889,1197.2643,1.5018,100.0,102.6711,0.1239,1.5271,-0.007,0.0069,0.9685,198.3033,0.0,8.7075,410.8697,9.4668,0.9728,188.8365,12.601
3090.55,2540.97,2136.4111,1172.5767,0.7809,100.0,106.6633,0.1245,1.4883,0.0109,0.0157,0.9722,199.685,0.0,15.8175,425.2633,9.6418,0.9772,190.0432,12.5212
3014.54,2539.59,2201.3556,1249.8445,1.4699,100.0,103.9978,0.1228,1.4355,-0.0153,-0.0035,0.9721,199.1313,0.0,10.9317,410.2573,10.363,0.9738,188.7683,12.4614
2988.93,2512.38,2189.8778,1158.0925,1.5291,100.0,107.82,0.1219,1.4652,-0.0142,0.015,0.9551,203.7575,0.0,8.7254,406.8474,10.7598,0.9729,192.9977,12.601
2996.9,2448.07,2162.7556,1041.1557,0.8479,100.0,107.2622,0.1221,1.4446,-0.0016,-0.0055,0.9657,198.3266,0.0,8.433,406.5568,10.4182,0.9739,187.9085,12.5406
2957.41,2469.13,2203.4556,1441.1445,0.8264,100.0,104.6767,0.1232,1.5059,-0.0084,-0.0024,0.9553,203.1904,0.0,9.7089,411.264,9.469,0.9639,193.7215,12.5027
2953.41,2531.05,2136.4111,1172.5767,0.7809,100.0,106.6633,0.1245,1.5753,-0.0111,-0.0029,0.9694,199.6992,0.0,13.2075,424.2706,9.6025,0.9745,190.0967,12.601
3102.49,2502.44,2189.8778,1158.0925,1.5291,100.0,107.82,0.1219,1.4855,-0.0025,0.0147,0.964,203.3887,0.0,11.3848,415.6037,9.9175,0.9806,193.4712,12.5169
3057.65,2540.35,2203.4556,1441.1445,0.8264,100.0,104.6767,0.1232,1.5527,-0.0216,0.0013,0.9695,202.4785,0.0,13.5537,421.3323,10.5183,0.9744,191.9602,12.3639
3083.62,2728.28,2203.4556,1441.1445,0.8264,100.0,104.6767,0.1232,1.516,-0.0041,0.0084,0.9697,198.8176,0.0,8.4547,402.3519,10.4617,0.9756,188.356,12.4614
3056.58,2505.62,2219.3445,1734.8435,0.98,100.0,104.3867,0.1221,1.5343,-0.0013,0.0035,0.9513,197.3807,0.0,12.1017,398.5196,10.7373,0.9713,186.6435,12.5212
2971.93,2557.58,2189.8778,1158.0925,1.5291,100.0,107.82,0.1219,1.5361,0.0188,-0.0002,0.9739,199.0635,0.0,10.3445,403.2573,11.1871,0.9792,187.8764,12.5169
3080.89,2590.45,2162.7556,1006.7789,0.8736,100.0,106.8744,0.122,1.4187,0.0012,0.0004,0.957,197.5219,0.0,3.6123,408.988,10.801,0.9743,186.7209,12.5663
2951.59,2474.6,2251.8222,1104.9132,1.3881,100.0,104.9456,0.1206,1.5629,-0.0261,-0.0034,0.9477,203.8228,0.0,9.5437,411.1115,9.4766,0.9586,194.3463,12.5163
3108.23,2423.57,2223.2778,1222.0834,1.516,100.0,102.96,0.1218,1.4814,0.0135,-0.0121,0.9641,198.1205,0.0,7.7506,402.7684,10.4278,0.9769,187.6927,12.4824
3059.82,2727.56,2146.9111,1063.8762,1.5377,100.0,104.3711,0.1232,1.5284,-0.0136,-0.009,0.9694,203.796,0.0,11.3572,405.9691,9.3349,0.9606,194.4611,12.3639
2940.26,2525.29,2203.4556,1441.1445,0.8264,100.0,104.6767,0.1232,1.4763,0.0012,-0.0127,0.9783,197.9527,0.0,11.2565,418.7213,10.3125,0.9788,187.6402,12.4743
2959.36,2504.86,2210.9778,1572.4698,1.0204,100.0,106.2089,0.1222,1.5165,-0.0228,0.0101,0.9758,202.2981,0.0,12.4705,413.4541,9.3775,0.9796,192.9206,12.5043
3011.27,2477.47,2210.9778,1572.4698,1.0204,100.0,106.2089,0.1222,1.5079,0.0031,-0.0105,0.9791,196.2957,0.0,11.1795,416.1766,9.2168,0.9812,187.0789,12.4867
3046.97,2517.22,2151.6889,1197.2643,1.5018,100.0,102.6711,0.1239,1.4955,0.0236,-0.004,0.9677,199.3785,0.0,12.2391,406.903,10.8477,0.9789,188.5308,12.502
3017.65,2542.64,2162.7556,1006.7789,0.8736,100.0,106.8744,0.122,1.3835,0.0042,-0.0087,0.9788,198.289,0.0,11.0616,422.443,9.7153,0.9786,188.5737,12.5286
3001.36,2491.23,2155.3111,918.2161,1.2753,100.0,105.0478,0.1227,1.4206,-0.0052,0.001,0.9649,203.8512,0.0,12.7017,420.3021,10.671,0.9808,193.1802,12.4959
2981.92,2530.67,2151.6889,1197.2643,1.5018,100.0,102.6711,0.1239,1.4898,0.02,-0.0153,0.9712,198.2825,0.0,13.4507,423.9686,9.5462,0.9805,188.7363,12.502
2931.7,2487.01,2155.3111,918.2161,1.2753,100.0,105.0478,0.1227,1.4405,0.0019,0.0027,0.9635,204.1994,0.0,4.4291,417.976,9.5118,0.9792,194.6876,12.522
3032.26,2455.05,2145.4555,1017.0577,1.4534,100.0,103.7878,0.1229,1.3602,-0.0153,0.0032,0.9654,202.7506,0.0,5.6243,430.1018,9.5372,0.9805,193.2133,12.5153
2922.05,2511.37,2155.3111,918.2161,1.2753,100.0,105.0478,0.1227,1.4372,-0.0113,-0.0075,0.9562,203.698,0.0,6.0984,411.1503,10.0525,0.9747,193.6455,12.5688
2939.4,2504.44,2210.9778,1572.4698,1.0204,100.0,106.2089,0.1222,1.4754,0.0089,-0.0046,0.9684,197.8559,0.0,13.1792,419.7653,9.21,0.9744,188.6459,12.5731
3097.14,2463.06,2155.3111,918.2161,1.2753,100.0,105.0478,0.1227,1.4714,0.0065,0.0147,0.9666,197.8332,0.0,4.4443,419.969,9.9439,0.9808,187.8893,12.5169
2976.91,2583.6,2117.5889,894.0996,1.433,100.0,106.4944,0.1253,1.5245,-0.0076,-0.005,0.9527,198.5418,0.0,3.5749,407.4699,9.7508,0.9716,188.791,12.5347
3003.96,2560.61,2155.3111,918.2161,1.2753,100.0,105.0478,0.1227,1.4434,-0.0183,-0.0101,0.9656,204.0408,0.0,6.2891,416.5679,9.6928,0.9795,194.348,12.4982
2961.73,2368.34,2146.9111,1063.8762,1.5377,100.0,104.3711,0.1232,1.4801,-0.0301,-0.0123,0.9522,202.7108,0.0,12.3975,425.9949,9.6638,0.9707,193.047,12.5163
3005.04,2431.66,2136.4111,1172.5767,0.7809,100.0,106.6633,0.1245,1.5106,0.0072,-0.0022,0.9764,198.7724,0.0,4.4555,410.863,10.7607,0.9813,188.0117,12.502
3028.21,2529.08,2245.3667,1315.8241,1.5424,100.0,102.4089,0.121,1.5849,-0.0076,-0.0069,0.9549,203.1528,0.0,11.9713,416.3397,9.7102,0.9723,193.4426,12.3639
3086.08,2415.75,2190.1555,1298.8207,1.3947,100.0,105.7411,0.1242,1.4346,0.0051,0.0084,0.9637,203.419,0.0,5.995,428.1896,9.5756,0.9795,193.8434,12.522
2962.28,2452.28,2127.9555,1011.1924,1.0863,100.0,107.1522,0.1261,1.4432,0.0085,-0.0151,0.9581,199.4472,0.0,4.0385,410.6022,10.7163,0.9753,188.731,12.5084
3070.63,2377.97,2130.0556,874.9165,1.2545,100.0,105.9011,0.1253,1.4374,-0.0117,-0.0066,0.9734,198.7777,0.0,14.7765,418.2019,9.8336,0.9797,188.944,12.5288
3055.13,2523.65,2181.0444,939.8456,1.3968,100.0,104.0133,0.1214,1.3619,-0.0228,0.0057,0.9687,198.9241,0.0,5.4756,409.6935,9.8346,0.9796,189.0895,12.522
2899.68,2492.24,2127.9555,1011.1924,1.0863,100.0,107.1522,0.1261,1.4723,-0.0093,-0.0039,0.964,203.5083,0.0,11.8685,406.989,10.5746,0.9772,192.9337,12.522
2957.04,2525.16,2190.1555,1298.8207,1.3947,100.0,105.7411,0.1242,1.408,-0.0032,0.0049,0.9683,203.4017,0.0,10.9685,419.0309,10.4027,0.961,192.9989,12.4002
3015.41,2474.94,2174.7555,1206.3506,1.4202,100.0,104.2622,0.1246,1.4323,-0.018,0.009,0.965,198.8931,0.0,13.7707,425.4825,9.8103,0.9739,189.0828,12.4002
3051.05,2582.08,2190.1555,1298.8207,1.3947,100.0,105.7411,0.1242,1.425,-0.021,-0.0018,0.9541,203.8701,0.0,3.0706,410.9748,10.6683,0.9636,193.2018,12.4561
3055.66,2625.2,2211.7222,1335.4837,1.3922,100.0,100.9256,0.1232,1.342,0.0008,0.0022,0.9559,204.2982,0.0,4.0956,416.2456,9.9146,0.9755,194.3836,12.4769
3043.14,2517.25,2190.1555,1298.8207,1.3947,100.0,105.7411,0.1242,1.4692,-0.0216,-0.0056,0.9662,199.1765,0.0,4.7801,408.385,9.7815,0.9784,189.395,12.5096
2982.59,2466.86,2117.5889,894.0996,1.433,100.0,106.4944,0.1253,1.4418,-0.0096,0.0006,0.9772,198.9694,0.0,12.3992,432.6314,9.3928,0.9806,189.5765,12.5153
3068.42,2570.5,2190.1555,1298.8207,1.3947,100.0,105.7411,0.1242,1.4279,-0.0212,-0.0178,0.9673,198.8994,0.0,3.2825,400.3222,10.6916,0.9799,188.2077,12.522
3068.45,2575.33,2130.0556,874.9165,1.2545,100.0,105.9011,0.1253,1.4169,-0.0103,-0.0171,0.9652,199.0456,0.0,9.0412,405.6423,9.7287,0.9803,189.3169,12.5288
2978.45,2504.94,2181.0444,939.8456,1.3968,100.0,104.0133,0.1214,1.3596,-0.0138,-0.0025,0.9705,198.8238,0.0,13.4156,431.2361,9.3549,0.9755,189.4688,12.4561
2928.55,2579.84,2181.0444,939.8456,1.3968,100.0,104.0133,0.1214,1.3386,-0.0006,0.006,0.967,198.1278,0.0,2.9405,410.5535,9.4039,0.9778,188.7238,12.4982
3049.58,2432.09,2169.1111,1431.874,1.0321,100.0,100.1744,0.1252,1.405,-0.012,0.0055,0.9527,198.6416,0.0,3.6465,415.3478,9.3764,0.9702,189.2653,12.4769
2999.24,2435.47,2175.9667,1539.5734,1.4139,100.0,98.5822,0.1254,1.3675,0.0038,0.0007,0.9568,200.6472,0.0,4.8416,415.3035,9.6851,0.9734,190.962,12.4308
3018.82,2470.21,2175.9667,1539.5734,1.4139,100.0,98.5822,0.1254,1.4209,0.0035,0.0107,0.956,199.709,0.0,3.5372,408.0344,9.7035,0.9729,190.0055,12.4349
2982.16,2574.45,2181.0444,939.8456,1.3968,100.0,104.0133,0.1214,1.4122,-0.0058,0.0057,0.9583,199.3587,0.0,2.9698,406.5059,10.7068,0.9753,188.6519,12.4561
2958.83,2488.5,2197.5222,1373.0077,1.1369,100.0,106.0733,0.124,1.3886,0.0107,0.0077,0.9679,199.113,0.0,3.7217,410.7797,9.1275,0.9703,189.9855,12.4561
2975.57,2566.79,2197.5222,1373.0077,1.1369,100.0,106.0733,0.124,1.3735,-0.0023,0.0086,0.9557,199.5734,0.0,5.479,428.5431,9.004,0.9719,190.5694,12.4769
2925.62,2501.91,2197.5222,1373.0077,1.1369,100.0,106.0733,0.124,1.392,-0.0044,-0.0165,0.9522,198.5109,0.0,5.4965,424.5568,9.3579,0.9699,189.153,12.4561
3043.7,2535.71,2127.9555,1011.1924,1.0863,100.0,107.1522,0.1261,1.4221,-0.0098,-0.0166,0.9536,198.9641,0.0,5.7897,422.5233,9.5449,0.9721,189.4192,12.5657
3069.31,2448.37,2174.7555,1206.3506,1.4202,100.0,104.2622,0.1246,1.4372,-0.0047,-0.0148,0.9569,199.1364,0.0,11.0208,410.321,9.8111,0.9764,189.3253,12.5531
3090.47,2314.52,2169.1111,1431.874,1.0321,100.0,100.1744,0.1252,1.3819,-0.0041,0.0036,0.9674,200.4667,0.0,10.9391,405.5035,9.913,0.9806,190.5537,12.522
2896.84,2512.61,2190.1555,1298.8207,1.3947,100.0,105.7411,0.1242,1.4228,-0.0011,-0.0002,0.9424,203.0609,0.0,4.0941,411.8318,9.6912,0.9669,193.3697,12.4002
3064.76,2510.72,2194.5889,1614.2776,1.2686,100.0,97.7622,0.1247,1.5366,0.0091,0.0057,0.9706,199.3297,0.0,12.8884,405.2258,9.4838,0.9765,189.8459,12.6465
2977.39,2535.07,2194.5889,1614.2776,1.2686,100.0,97.7622,0.1247,1.4588,0.0067,0.0055,0.9491,199.044,0.0,8.9703,393.7677,10.4251,0.9703,188.6189,12.5216
3010.26,2508.8,2170.0666,1364.5157,1.5447,100.0,96.77,0.123,1.4149,-0.0092,-0.0008,0.9452,203.883,0.0,9.6462,400.4138,10.4363,0.9582,193.4467,12.4049
2947.39,2308.45,2218.6333,870.562,1.3084,100.0,106.9089,0.1195,1.3794,-0.0052,-0.0035,0.9741,202.6828,0.0,4.0404,402.2433,9.4602,0.9703,193.2227,12.4755
3036.64,2483.93,2194.5889,1614.2776,1.2686,100.0,97.7622,0.1247,1.5093,-0.0022,0.0126,0.9468,199.2515,0.0,10.9555,393.6944,10.5181,0.9695,188.7334,12.4349
3045.07,2618.25,2175.9667,1539.5734,1.4139,100.0,98.5822,0.1254,1.4547,0.0007,0.0159,0.9653,203.7832,0.0,7.4457,424.7771,9.3875,0.9588,194.3958,12.4349
3085.93,2518.47,2204.5445,2076.673,1.0961,100.0,95.9222,0.1251,1.35,0.0002,0.0023,0.9645,203.0762,0.0,12.7964,420.7204,9.4275,0.9578,193.6488,12.4561
2952.31,2453.53,2188.7222,1325.523,1.1721,100.0,105.17,0.125,1.448,-0.0233,0.0087,0.9763,203.7087,0.0,5.1783,420.6882,9.445,0.9709,194.2637,12.522
3047.06,2531.16,2204.5445,2076.673,1.0961,100.0,95.9222,0.1251,1.4056,0.0177,0.0153,0.9657,198.9958,0.0,3.6817,396.3827,10.3454,0.9784,188.6503,12.1298
2991.25,2519.26,2194.8,1456.076,1.513,100.0,99.0344,0.1233,1.4745,-0.0053,0.008,0.9698,198.3019,0.0,5.1992,410.8906,9.3152,0.973,188.9867,12.4308
3045.33,2472.23,2194.5889,1614.2776,1.2686,100.0,97.7622,0.1247,1.407,0.0053,0.0047,0.9511,199.1731,0.0,5.6552,399.2567,10.5031,0.9714,188.67,12.4049
3208.47,2294.01,2194.8,1456.076,1.513,100.0,99.0344,0.1233,1.47,-0.0283,-0.0086,0.9561,199.2755,0.0,4.7189,401.5309,9.5662,0.9735,189.7093,12.4349
2939.93,2595.82,2204.5445,2076.673,1.0961,100.0,95.9222,0.1251,1.364,0.0035,0.0057,0.948,204.2186,0.0,5.5945,410.6919,9.7689,0.9715,194.4497,12.5531
3042.85,2403.21,2204.5445,2076.673,1.0961,100.0,95.9222,0.1251,1.4005,0.0032,0.0055,0.971,199.1622,0.0,10.435,404.8556,9.4619,0.9762,189.7003,12.4561
3039.04,2598.94,2187.8111,2228.7377,1.499,100.0,90.4933,0.124,1.3958,0.0024,0.0053,0.9488,198.7674,0.0,8.8131,398.4613,10.356,0.9702,188.4114,12.4561
3050.36,2846.44,2220.0445,2253.2847,1.7112,100.0,88.0444,0.1222,1.3761,0.0023,0.0032,0.9518,199.1521,0.0,3.1284,409.8828,9.9201,0.9738,189.2319,12.5535
3012.09,2551.08,2216.7333,1748.0885,1.1127,100.0,97.5822,0.1242,1.5136,-0.009,0.0129,0.9507,198.9641,0.0,4.4698,405.1324,9.949,0.9731,189.0151,12.6184
2924.39,2470.95,2188.7222,1325.523,1.1721,100.0,105.17,0.125,1.4339,-0.0124,-0.0078,0.9701,204.1209,0.0,7.3978,431.2195,9.4058,0.964,194.7151,12.5216
2988.81,2461.82,2187.8111,2228.7377,1.499,100.0,90.4933,0.124,1.3753,0.0079,0.0145,0.9684,199.343,0.0,10.6135,408.0283,9.4768,0.9741,189.8662,12.4561
2958.04,2502.89,2134.7445,1244.2899,1.1827,100.0,99.5133,0.1249,1.4353,-0.0001,0.0018,0.9654,203.5729,0.0,12.0986,418.0937,9.4026,0.9588,194.1703,12.4561
3087.39,2392.0,2188.6,2115.2244,1.3174,100.0,93.1656,0.1255,1.3355,-0.0115,-0.0209,0.9655,198.9808,0.0,5.8255,408.4937,9.5326,0.9777,189.4482,12.4845
3064.71,2478.51,2216.7333,1748.0885,1.1127,100.0,97.5822,0.1242,1.4266,0.0126,0.0075,0.9558,198.5806,0.0,3.0236,407.4363,9.7047,0.9746,188.8759,12.4078
2946.62,2470.26,2187.8111,2228.7377,1.499,100.0,90.4933,0.124,1.4379,0.0053,0.0079,0.9721,198.7363,0.0,11.0952,408.2376,9.5053,0.9766,189.231,12.5216
3009.71,2565.53,2224.6778,1308.6479,1.3907,100.0,101.1333,0.1208,1.444,-0.0079,-0.0076,0.9673,198.9233,0.0,14.2284,423.9089,9.9243,0.9811,188.999,12.528
3105.3,2435.9,2194.5889,1614.2776,1.2686,100.0,97.7622,0.1247,1.4875,0.0052,0.0003,0.9639,198.3398,0.0,5.9104,422.627,9.4304,0.968,188.9094,12.4308
3021.77,2544.1,2204.5445,2076.673,1.0961,100.0,95.9222,0.1251,1.3754,0.0003,-0.0028,0.959,197.2601,0.0,5.4642,410.2243,9.8218,0.9765,187.4383,12.4308
2927.54,2563.08,2188.7111,1115.4922,1.5156,100.0,102.0011,0.1225,1.4854,-0.0006,0.0089,0.9641,198.4925,0.0,4.7315,410.1946,9.6217,0.9776,188.8708,12.5012
2951.83,2484.44,2218.9445,1491.3268,1.442,100.0,96.4389,0.121,1.4579,-0.0021,0.0059,0.952,198.4073,0.0,11.2744,412.6203,9.724,0.9735,188.6833,12.4969
3045.05,2443.1,2170.0666,1364.5157,1.5447,100.0,96.77,0.123,1.4037,0.0013,0.0025,0.9659,204.2787,0.0,3.8667,403.6072,10.7958,0.9807,193.4829,12.4982
3073.73,2504.01,2218.8778,1188.263,1.2557,100.0,100.9444,0.1212,1.4008,-0.0014,0.0132,0.9645,198.983,0.0,11.6478,418.4758,10.7861,0.9726,188.197,12.4349
3103.85,2256.12,2194.5889,1614.2776,1.2686,100.0,97.7622,0.1247,1.4889,-0.0047,-0.0091,0.9458,198.6701,0.0,6.8179,423.9231,9.716,0.9684,188.9541,12.4049
3002.22,2462.06,2202.1222,1833.3772,1.8005,100.0,95.85,0.1242,1.5173,0.0069,0.0075,0.9442,203.4157,0.0,3.8103,404.6972,9.664,0.9699,193.7516,12.4349
2968.33,2476.58,2216.7333,1748.0885,1.1127,100.0,97.5822,0.1242,1.53,-0.0279,-0.004,0.9468,198.1219,0.0,6.0959,416.595,9.5431,0.9686,188.5788,12.4349
2961.04,2506.43,2170.0666,1364.5157,1.5447,100.0,96.77,0.123,1.3953,0.0084,0.0062,0.9461,204.6134,0.0,5.1756,406.329,10.7168,0.972,193.8966,12.5531
3072.03,2500.68,2205.7445,1363.1048,1.0518,100.0,101.8644,0.122,1.3896,0.0138,0.0,0.9656,199.5093,0.0,4.8205,414.1385,10.0666,0.9746,189.4428,12.6257
3021.83,2419.83,2205.7445,1363.1048,1.0518,100.0,101.8644,0.122,1.4108,-0.0046,-0.0024,0.9589,199.6262,0.0,13.3691,411.8383,10.6553,0.9736,188.9709,12.4349
3006.95,2435.34,2189.8111,1084.6502,1.1993,100.0,104.8856,0.1234,1.5094,-0.0046,0.0121,0.9674,202.6499,0.0,3.448,397.9388,9.4594,0.9607,193.1905,12.5094
3003.72,2537.66,2210.7778,2008.9216,1.1351,100.0,91.1078,0.124,1.394,-0.0073,0.0006,0.9786,202.2704,0.0,5.8907,408.5205,9.4707,0.9782,192.7997,12.512
2953.59,2504.86,2224.6778,1308.6479,1.3907,100.0,101.1333,0.1208,1.4517,0.0069,0.0094,0.9551,199.6867,0.0,6.2485,401.972,10.426,0.9757,189.2608,12.5094
3086.52,2360.04,2204.2333,2110.8288,1.6392,100.0,89.0356,0.1245,1.4798,0.0046,0.0181,0.9781,202.4787,0.0,6.6848,417.9575,9.4661,0.9728,193.0126,12.1298
3048.76,2545.68,2224.6778,1308.6479,1.3907,100.0,101.1333,0.1208,1.4563,0.0075,0.0031,0.9679,199.0494,0.0,9.8057,407.5889,10.4536,0.9809,188.5958,12.512
2984.06,2619.6,2225.0222,1730.848,1.5333,100.0,98.5978,0.1232,1.4696,0.0081,0.0063,0.9691,198.3282,0.0,8.6658,395.3408,9.7876,0.9718,188.5405,12.3996
2947.87,2460.05,2204.2333,2110.8288,1.6392,100.0,89.0356,0.1245,1.5209,0.0097,0.0106,0.9626,199.6975,0.0,9.7279,406.1426,10.332,0.9751,189.3656,12.4078
3008.28,2504.21,2202.2556,1914.0689,1.6013,100.0,94.6922,0.1242,1.4055,-0.0134,-0.0135,0.9691,198.8975,0.0,9.2803,400.4087,9.7648,0.9717,189.1327,12.6257
3084.81,2445.2,2224.6778,1308.6479,1.3907,100.0,101.1333,0.1208,1.4997,0.0027,0.0056,0.9591,199.8681,0.0,9.5711,400.4493,10.3944,0.9771,189.4737,12.4078
3034.5,2431.35,2220.0445,2253.2847,1.7112,100.0,88.0444,0.1222,1.4175,-0.0144,-0.0119,0.9661,197.9151,0.0,5.604,408.6007,10.7348,0.9737,187.1803,12.6184
3001.26,2519.92,2224.6778,1308.6479,1.3907,100.0,101.1333,0.1208,1.5172,-0.0135,0.007,0.9778,203.8365,0.0,9.2964,407.5345,9.9622,0.972,193.8743,12.5418
3017.39,2544.64,2246.5778,1963.8016,1.1665,100.0,96.7089,0.1209,1.4959,0.0137,0.005,0.978,202.3661,0.0,5.315,403.2533,9.9808,0.9784,192.3854,12.1298
3018.8,2440.93,2195.6667,1333.7299,1.0772,100.0,98.9844,0.1223,1.6063,-0.002,0.0066,0.9671,199.1285,0.0,4.7006,396.0121,10.3504,0.9807,188.7781,12.1298
2931.05,2528.74,2205.7,1072.8058,1.2856,100.0,100.8511,0.1216,1.5568,0.0107,0.007,0.9592,199.3942,0.0,6.2518,405.1907,9.7158,0.9747,189.6784,12.5094
3004.08,2514.67,2200.2333,1173.8377,1.3281,100.0,101.6111,0.1211,1.4914,-0.0023,0.0157,0.9481,202.8022,0.0,6.8529,412.5335,9.2397,0.9591,193.5625,12.5094
2893.07,2596.63,2214.2889,988.2071,1.2513,100.0,101.7044,0.1209,1.4612,-0.0052,-0.013,0.9498,202.9163,0.0,7.6165,416.7005,9.2191,0.9606,193.6971,12.5757
3215.87,2453.97,2212.8667,1066.9539,0.8161,100.0,101.6156,0.1203,1.3964,0.0065,-0.008,0.9534,201.8857,0.0,11.571,422.1625,9.9852,0.9741,191.9005,12.5094
3004.39,2468.56,2200.9556,1126.8678,0.786,100.0,100.37,0.1215,1.4106,-0.0181,-0.013,0.9526,202.6174,0.0,11.6855,420.3996,9.9475,0.9743,192.6699,12.5782
2929.93,2517.5,2218.8778,1188.263,1.2557,100.0,100.9444,0.1212,1.5189,-0.009,0.0096,0.9668,198.4036,0.0,12.631,419.2681,10.6762,0.9748,187.7274,12.6257
3089.1,2414.29,2200.9556,1126.8678,0.786,100.0,100.37,0.1215,1.4698,-0.0104,0.0075,0.9637,202.3901,0.0,11.3846,423.6585,9.9878,0.9793,192.4023,12.5237
2993.19,2577.23,2204.2333,2110.8288,1.6392,100.0,89.0356,0.1245,1.4788,0.0124,0.0147,0.9644,202.6098,0.0,7.0168,420.6732,9.4302,0.9572,193.1796,12.4049
3048.39,2489.15,2205.7445,1363.1048,1.0518,100.0,101.8644,0.122,1.4282,0.0154,0.012,0.9607,199.5371,0.0,6.4448,407.4825,9.6012,0.9712,189.9359,12.4349
2951.85,2525.0,2189.5777,1320.3197,1.3459,100.0,100.7744,0.1234,1.559,-0.0032,0.0135,0.966,202.8617,0.0,6.7606,423.0329,9.4419,0.9593,193.4198,12.4673
2889.67,2254.99,2199.6334,1242.842,1.4083,100.0,99.2178,0.1221,1.4302,0.0058,-0.006,0.9546,199.1312,0.0,8.8255,432.8914,10.1661,0.9748,188.9651,12.5094
2938.02,2499.68,2114.6667,1549.4874,1.3393,100.0,98.7844,0.1262,1.4446,-0.0109,0.0057,0.958,199.9184,0.0,4.8396,416.6789,9.5631,0.9741,190.3554,12.3996
2919.71,2420.32,2134.7445,1244.2899,1.1827,100.0,99.5133,0.1249,1.3331,-0.0126,0.0076,0.9582,199.9285,0.0,5.5212,412.0992,9.569,0.9748,190.3595,12.3996
3081.34,2453.78,2175.3445,1147.3421,1.1419,100.0,107.1422,0.1251,1.3997,0.0062,-0.0063,0.9767,202.4395,0.0,5.603,402.299,10.562,0.9793,191.8775,12.5288
3069.72,2372.79,2127.9555,1011.1924,1.0863,100.0,107.1522,0.1261,1.374,-0.0021,-0.0017,0.9771,199.6147,0.0,6.9824,417.4902,10.5937,0.9806,189.0209,12.5153
2982.62,2474.88,2114.6667,1549.4874,1.3393,100.0,98.7844,0.1262,1.3333,-0.0054,0.0045,0.95,198.9485,0.0,5.2269,422.8326,9.5612,0.971,189.3873,12.3996
2997.94,2471.97,2214.1667,1705.2046,0.9113,100.0,100.4633,0.1231,1.4964,-0.0099,0.0061,0.9712,199.4089,0.0,9.2806,402.4408,10.8515,0.9824,188.5574,12.4755
2904.21,2530.63,2188.6,2115.2244,1.3174,100.0,93.1656,0.1255,1.3179,-0.0089,-0.0084,0.97,198.9823,0.0,9.1677,418.7459,9.6333,0.9752,189.3489,12.5163
2949.75,2528.5,2246.5778,1963.8016,1.1665,100.0,96.7089,0.1209,1.507,0.009,-0.0038,0.9714,197.6212,0.0,6.8496,405.0576,9.4945,0.9743,188.1268,12.4969
2979.77,2493.03,2208.6556,1728.7576,1.5137,100.0,97.0367,0.124,1.4691,-0.0088,0.0002,0.971,198.1256,0.0,9.9154,414.3119,9.1253,0.9762,189.0004,12.3996
3006.33,2424.13,2189.3556,2363.6412,2.1415,100.0,83.4233,0.1246,1.4951,-0.0049,-0.0086,0.9655,198.6665,0.0,10.3519,421.5831,9.4524,0.9701,189.2141,12.5049
3043.78,2522.76,2192.0,2085.6871,1.1723,100.0,94.93,0.1238,1.4463,-0.0031,-0.005,0.9492,202.496,0.0,6.6615,416.6365,8.9137,0.9586,193.5823,12.5094
3019.38,2499.75,2200.9556,1126.8678,0.786,100.0,100.37,0.1215,1.4445,-0.0154,0.0125,0.9572,197.7157,0.0,9.1413,431.1371,9.1711,0.9764,188.5446,12.5782
3085.1,2500.13,2199.6334,1242.842,1.4083,100.0,99.2178,0.1221,1.4873,0.0121,0.0121,0.9278,202.9766,0.0,6.6826,395.9674,10.341,0.959,192.6356,12.5967
3212.46,2522.41,2200.2333,1173.8377,1.3281,100.0,101.6111,0.1211,1.465,0.0035,0.0053,0.977,196.4256,0.0,10.7101,413.7045,9.056,0.9803,187.3696,12.5376
2982.07,2447.06,2199.6334,1242.842,1.4083,100.0,99.2178,0.1221,1.4542,0.0142,-0.0064,0.9711,198.0467,0.0,7.4476,409.1458,9.4485,0.9742,188.5981,12.5094
3116.38,2404.13,2212.8667,1066.9539,0.8161,100.0,101.6156,0.1203,1.5084,-0.0118,-0.0023,0.9744,199.6094,0.0,10.9739,414.3028,9.6223,0.9769,189.9871,12.5106
3123.02,2488.96,2240.8666,2048.2566,1.162,100.0,86.3822,0.1233,1.554,-0.0049,0.0129,0.9771,198.1312,0.0,8.0044,420.9347,9.8314,0.9805,188.2999,12.5376
3078.6,2441.68,2213.5111,1183.4356,0.7531,100.0,103.0911,0.1199,1.525,-0.01,0.001,0.9614,201.5815,0.0,6.7895,402.2448,9.5789,0.9764,192.0026,12.5376
2921.73,2515.91,2189.3556,2363.6412,2.1415,100.0,83.4233,0.1246,1.5793,0.0021,0.0037,0.9643,199.2838,0.0,11.6085,409.2955,9.7225,0.9779,189.5613,12.5106
3060.41,2453.75,2196.0,1230.0293,0.7684,100.0,97.5578,0.1219,1.408,0.013,0.0044,0.9682,199.1476,0.0,8.4704,404.8013,9.5479,0.979,189.5996,12.4978
3030.23,2568.32,2196.0,1230.0293,0.7684,100.0,97.5578,0.1219,1.4411,0.0096,0.009,0.9674,202.6138,0.0,12.8362,422.6985,9.2977,0.9805,193.3162,12.5429
2998.89,2532.66,2189.3556,2363.6412,2.1415,100.0,83.4233,0.1246,1.4108,0.0095,-0.0026,0.9484,199.4045,0.0,6.5451,404.2949,9.8668,0.9702,189.5377,12.5757
3073.25,2440.08,2240.8666,2048.2566,1.162,100.0,86.3822,0.1233,1.596,0.0023,0.0084,0.9772,197.5759,0.0,11.0536,429.0809,9.3553,0.9788,188.2207,12.5106
3078.77,2533.04,2187.4111,1942.3069,1.1864,100.0,88.0911,0.1245,1.45,-0.0053,0.0005,0.9777,202.4201,0.0,9.5686,423.6297,9.9673,0.9805,192.4528,12.5429
3007.47,2571.18,2187.4111,1942.3069,1.1864,100.0,88.0911,0.1245,1.3746,0.0012,0.0107,0.9773,202.7188,0.0,8.2783,420.654,9.9886,0.9802,192.7302,12.5429
3019.98,2515.63,2196.0,1230.0293,0.7684,100.0,97.5578,0.1219,1.4919,-0.0001,-0.0018,0.9557,197.4227,0.0,8.0488,407.2285,10.1392,0.9759,187.2836,12.478
3056.28,2464.4,2211.7778,1177.4224,1.3377,100.0,98.9989,0.12,1.6411,-0.0068,-0.0033,0.9729,198.0368,0.0,7.9328,413.0068,9.2823,0.9753,188.7545,11.9482
,2532.45,2191.1333,2197.657,1.1569,100.0,89.7222,0.1251,1.5762,0.0028,-0.0066,0.9694,196.917,0.0,7.8445,403.4217,9.3874,0.9816,187.5296,12.5449
2993.79,2510.59,2211.7778,1177.4224,1.3377,100.0,98.9989,0.12,1.4335,0.0046,0.0042,0.9702,198.2117,0.0,7.6714,410.7288,9.461,0.975,188.7507,12.5757
3007.75,2535.14,2216.5,1111.5436,0.8373,100.0,99.9867,0.1205,1.4503,0.0149,0.001,0.958,197.9185,0.0,6.6145,400.3539,9.8632,0.9759,188.0553,12.5488
3083.14,2456.75,2216.5,1111.5436,0.8373,100.0,99.9867,0.1205,1.3434,0.003,0.0,0.9774,196.5484,0.0,8.3564,403.5218,9.6319,0.9806,186.9166,12.5106
3094.08,2664.52,2202.5556,1081.8043,1.2913,100.0,101.8922,0.1205,1.4334,0.0082,-0.0027,0.9503,202.7895,0.0,8.4286,404.3613,9.0113,0.9593,193.7781,12.391
3071.05,2642.15,2200.9889,1054.524,1.383,100.0,100.18,0.1201,1.4532,0.0049,-0.0048,0.9685,202.7533,0.0,7.9718,407.377,9.0486,0.973,193.7047,12.4996
3074.96,2448.82,2315.2667,2360.1325,1.1259,100.0,90.1144,0.116,1.4017,0.0003,0.0041,0.9689,198.5627,0.0,4.5881,418.3801,8.9012,0.9715,189.6615,12.5484
3001.95,2598.22,2213.2111,2070.7147,1.9705,100.0,87.7411,0.1232,1.5475,-0.0087,-0.0093,0.9653,202.7188,0.0,5.5861,401.5585,9.5651,0.9593,193.1537,12.551
3197.43,2405.62,2171.5,1028.444,0.7899,100.0,101.5122,0.1224,1.3481,-0.0025,0.015,0.9795,197.9955,0.0,7.6389,405.9059,8.9461,0.9818,189.0494,12.5376
3001.6,2500.26,2171.5,1028.444,0.7899,100.0,101.5122,0.1224,1.4521,-0.0124,-0.0099,0.969,198.5873,0.0,7.999,401.9265,9.8208,0.9754,188.7664,12.478
2956.77,2518.5,2187.4111,1942.3069,1.1864,100.0,88.0911,0.1245,1.4113,0.0108,0.0062,0.9664,199.4013,0.0,6.356,399.9257,10.2551,0.9799,189.1462,12.5106
3013.86,2527.2,2195.6667,1333.7299,1.0772,100.0,98.9844,0.1223,1.5241,-0.0025,-0.0096,0.9363,199.7952,0.0,7.2371,401.3557,10.2349,0.9648,189.5603,12.5967
2950.92,2439.59,2213.5111,1183.4356,0.7531,100.0,103.0911,0.1199,1.3882,0.0008,0.005,0.9497,202.6146,0.0,7.4576,409.5266,9.0831,0.9719,193.5315,12.5484
2948.09,2480.05,2200.9889,1054.524,1.383,100.0,100.18,0.1201,1.4463,0.0073,0.0046,0.9652,202.1117,0.0,9.9572,412.7251,9.4618,0.9794,192.65,12.5429
3058.08,2524.6,2192.3778,1110.5453,0.8147,100.0,99.2922,0.1226,1.4958,0.0004,0.0037,0.9704,197.7901,0.0,8.5915,409.9272,9.8208,0.9759,187.9692,12.559
3066.38,3299.9272805573432,2171.5,1028.444,0.7899,100.0,101.5122,0.1224,1.3623,-0.0076,0.0112,0.9716,198.2711,0.0,8.7205,414.0762,10.2023,0.9772,188.0688,12.478
3043.18,2545.53,2192.3778,1110.5453,0.8147,100.0,99.2922,0.1226,1.3824,-0.0001,-0.005,0.9509,203.6304,0.0,10.463,419.1244,8.9907,0.9603,194.6397,12.478
2978.57,2559.8,2180.5556,1165.1351,0.7892,100.0,101.4578,0.1226,1.3907,0.0017,-0.0045,0.9689,197.1311,0.0,8.8723,417.9476,9.6166,0.9801,187.5146,12.5429
2825.67,2286.09,2210.2778,2120.576,1.07,100.0,95.1089,0.123,1.3947,0.0075,-0.0146,0.9567,196.8942,0.0,9.1545,427.3193,9.6319,0.9736,187.2623,12.5488
2993.98,2456.25,2191.1333,2197.657,1.1569,100.0,89.7222,0.1251,1.5196,0.0183,-0.0008,0.9688,196.7611,0.0,6.9155,402.2797,9.8192,0.9798,186.942,12.5106
2948.57,2526.19,2216.5,1111.5436,0.8373,100.0,99.9867,0.1205,1.4684,0.0013,0.0044,0.9557,198.3955,0.0,7.0167,405.8735,9.0208,0.9719,189.3747,12.478
2966.39,2507.22,2171.5,1028.444,0.7899,100.0,101.5122,0.1224,1.3487,0.005,0.0006,0.9632,201.9133,0.0,9.3365,412.841,10.0515,0.9784,191.8618,12.5504
3086.05,2417.34,2216.5,1111.5436,0.8373,100.0,99.9867,0.1205,1.4678,0.0024,-0.0017,0.9672,197.1539,0.0,7.7735,407.5213,9.6184,0.9728,187.5355,12.478
2972.52,2454.8,2180.5556,1165.1351,0.7892,100.0,101.4578,0.1226,1.5424,0.0197,0.0034,0.9572,197.2811,0.0,9.2396,413.8255,9.8202,0.9761,187.4608,12.5488
2954.92,2412.76,2171.5,1028.444,0.7899,100.0,101.5122,0.1224,1.4418,-0.0002,0.0028,0.9621,201.3992,0.0,9.0371,416.5739,10.1146,0.9792,191.2846,12.5429
2986.28,2483.71,2200.9889,1054.524,1.383,100.0,100.18,0.1201,1.5794,-0.0034,-0.0127,0.9652,202.7922,0.0,6.1691,396.617,9.8037,0.9712,192.9885,12.5449
3111.64,2387.23,2206.5777,978.7832,1.3316,100.0,100.6189,0.1203,1.4706,0.0152,-0.0055,0.9701,195.4287,0.0,11.4383,420.3629,9.7386,0.9822,185.6901,12.539
3093.57,2492.27,2210.2778,2120.576,1.07,100.0,95.1089,0.123,1.3527,0.0198,0.0076,0.9636,202.0896,0.0,10.8264,417.3761,9.8406,0.969,192.249,12.5106
2980.66,2437.21,2200.9889,1054.524,1.383,100.0,100.18,0.1201,1.3713,0.0102,0.0058,0.9786,192.5209,0.0,7.9153,413.656,9.5592,0.9809,182.9617,12.5449
2977.29,2471.5,2214.7889,1687.4606,2.2073,100.0,97.3378,0.1226,1.5071,0.0045,-0.0011,0.956,203.714,0.0,4.8012,407.3098,9.0489,0.9637,194.6651,12.559
3184.83,2400.4,2189.9667,1046.6212,0.8662,100.0,102.3622,0.1208,1.4526,-0.0175,-0.0028,0.9698,196.1425,0.0,9.3415,410.2175,10.1233,0.9753,186.0193,12.551
2998.01,2479.77,2189.9667,1046.6212,0.8662,100.0,102.3622,0.1208,1.3952,-0.0198,0.0026,0.9668,203.0516,0.0,10.4533,412.0628,10.1078,0.9732,192.9439,12.551
2973.56,2536.68,2189.9667,1046.6212,0.8662,100.0,102.3622,0.1208,1.3885,-0.0096,-0.0038,0.9708,193.9771,0.0,9.4738,407.3688,10.1653,0.9758,183.8118,12.551
3221.21,2391.2,2189.9667,1046.6212,0.8662,100.0,102.3622,0.1208,1.4756,-0.0025,0.0025,0.967,203.1667,0.0,9.0615,405.7719,10.115,0.9731,193.0517,12.551
3000.38,2593.09,2191.1333,2197.657,1.1569,100.0,89.7222,0.1251,1.5947,0.0143,-0.0064,0.9707,193.561,0.0,8.7044,404.9775,9.4421,0.9728,184.1189,12.4692
2964.63,2494.75,,,,,,,1.4646,0.0021,0.0059,0.9759,201.8533,0.0,9.2058,404.0754,9.8593,0.9791,191.9941,12.1298
2990.58,2506.56,2194.3778,1265.1715,0.7588,100.0,100.1833,0.1204,1.5865,-0.0199,0.0021,0.955,198.7128,0.0,8.3273,398.6959,10.2256,0.975,188.4873,12.5682
3007.0,2572.62,2213.2111,2070.7147,1.9705,100.0,87.7411,0.1232,1.4446,-0.005,-0.0007,0.9692,202.6985,0.0,10.7994,409.8516,10.0038,0.9745,192.6947,12.5757
2982.1,2572.78,,,,,,,1.4406,-0.0265,-0.0033,0.9635,201.5211,0.0,7.7663,414.7184,9.4479,0.9565,192.0732,12.4676
3091.76,2391.56,2315.2667,2360.1325,1.1259,100.0,90.1144,0.116,1.6107,0.025,0.0125,0.9702,197.0522,0.0,6.6389,403.4815,9.8942,0.9806,187.1579,12.4992
3013.66,2526.44,2185.2111,1141.6306,0.8447,100.0,100.5978,0.1217,1.5337,0.009,0.0058,0.9685,196.6199,0.0,8.6805,408.5064,9.5013,0.9744,187.1186,12.4692
2982.87,2477.01,2315.2667,2360.1325,1.1259,100.0,90.1144,0.116,1.4695,0.0071,0.0215,0.9782,198.1811,0.0,6.8175,405.6568,8.9468,0.981,189.2342,12.4978
3084.82,2387.42,2171.5,1028.444,0.7899,100.0,101.5122,0.1224,1.3603,-0.0031,0.0086,0.9575,197.5712,0.0,9.9421,409.1935,10.0975,0.977,187.4738,12.478
2955.87,2541.89,,,,,,,1.4493,-0.0194,-0.0018,0.9673,202.8336,0.0,8.6085,414.2447,9.4609,0.9608,193.3727,12.6184
2914.86,2465.11,2210.2778,2120.576,1.07,100.0,95.1089,0.123,1.5817,0.0118,0.0,0.9686,196.5141,0.0,10.6901,417.2738,9.8875,0.9798,186.6265,12.5376
3037.62,2431.93,2194.9556,2341.7833,2.3917,100.0,86.81,0.1231,1.4483,-0.0103,0.0151,0.954,197.9808,0.0,7.988,417.9604,9.196,0.9725,188.7847,12.3351
3097.63,2461.58,2194.9556,2341.7833,2.3917,100.0,86.81,0.1231,1.5347,-0.0254,0.0247,0.9578,198.269,0.0,8.0211,417.3277,9.9552,0.9739,188.3138,12.5488
3084.23,2433.67,2194.9556,2341.7833,2.3917,100.0,86.81,0.1231,1.3059,0.0013,-0.0045,0.9662,202.7612,0.0,8.8695,419.9316,9.7939,0.9727,192.9673,12.5488
2919.84,2484.9,2213.2111,2070.7147,1.9705,100.0,87.7411,0.1232,1.4455,-0.0218,-0.0068,0.9688,194.2009,0.0,10.0361,415.7785,9.76,0.9814,184.4409,12.5504
3154.13,2368.12,2189.9667,1046.6212,0.8662,100.0,102.3622,0.1208,1.4478,-0.0017,0.0072,0.9709,195.5359,0.0,11.7306,413.9296,10.0281,0.9765,185.5078,12.551
3054.81,2430.6,2060.66,1410.3599,3.8894,100.0,96.6256,0.1181,1.3813,0.0025,0.0028,0.9586,197.9105,0.0,6.4051,391.8645,10.188,0.9763,187.7224,12.5049
2913.4,2496.01,2227.2444,1129.8739,1.2803,100.0,102.7956,0.1188,1.6316,-0.0195,-0.0008,0.9594,198.6364,0.0,10.2172,405.3073,9.6284,0.9744,189.008,12.5488
3150.13,2531.81,2211.4334,2130.9862,1.1351,100.0,86.7956,0.1237,1.6383,-0.0154,0.0052,0.9621,198.602,0.0,7.3984,405.0001,10.0507,0.9771,188.5513,12.391
3059.09,2555.69,2060.66,1410.3599,3.8894,100.0,96.6256,0.1181,1.5569,0.0095,0.0007,0.9707,197.4261,0.0,6.3965,402.1375,10.0085,0.9821,187.4176,12.4978
3076.81,2521.25,2195.5,1027.5153,1.3548,100.0,105.8378,0.1203,1.5979,-0.0108,-0.0104,0.9548,197.9677,0.0,8.7861,424.223,9.1976,0.9721,188.7701,12.5331
3015.77,2440.94,2194.3778,1265.1715,0.7588,100.0,100.1833,0.1204,1.4802,-0.0038,0.013,0.9701,202.6978,0.0,6.5385,395.8045,9.7657,0.9636,192.9322,12.3578
2958.22,2467.5,2227.2444,1129.8739,1.2803,100.0,102.7956,0.1188,1.6157,-0.0112,0.0135,0.9604,198.824,0.0,7.0273,406.8979,9.9024,0.9754,188.9216,12.5331
2945.9,2539.58,2227.2444,1129.8739,1.2803,100.0,102.7956,0.1188,1.5401,0.0036,-0.0036,0.9771,193.8465,0.0,7.9669,419.7281,9.0907,0.9802,184.7558,12.4996
3087.24,2470.28,2060.66,1410.3599,3.8894,100.0,96.6256,0.1181,1.3824,-0.007,0.001,0.9533,198.0719,0.0,5.5385,391.131,10.1866,0.974,187.8853,12.5049
2964.71,2495.7,2202.3556,1020.9264,0.8676,100.0,102.7833,0.12,1.4226,-0.013,0.0063,0.9688,202.9268,0.0,7.6657,409.497,9.7454,0.9751,193.1813,12.3351
2964.0,2475.5,2227.2444,1129.8739,1.2803,100.0,102.7956,0.1188,1.491,-0.0159,0.0087,0.9718,198.7341,0.0,7.6855,400.5449,9.9095,0.9812,188.8245,12.539
2980.29,2508.52,2060.66,1410.3599,3.8894,100.0,96.6256,0.1181,1.6057,0.0023,0.007,0.9695,200.0485,0.0,6.9335,403.5455,9.6994,0.9733,190.3491,12.5484
3048.93,2451.82,2197.3222,1586.9476,2.0983,100.0,97.6267,0.1249,1.5119,-0.0087,0.0051,0.9588,198.8367,0.0,8.7363,402.7519,9.9406,0.974,188.8961,12.5682
3055.29,2705.0,,,,,,,1.4326,0.0138,-0.0096,0.969,202.0315,0.0,6.2035,401.1878,9.7937,0.961,192.2378,12.4049
3001.53,2540.07,2060.66,1410.3599,3.8894,100.0,96.6256,0.1181,1.5317,-0.0036,-0.0045,0.9756,202.6478,0.0,6.5925,397.3771,9.6492,0.9708,192.9986,12.4978
3077.04,2469.1,2060.66,1410.3599,3.8894,100.0,96.6256,0.1181,1.541,0.0211,-0.0038,0.9709,198.243,0.0,8.3811,420.8628,9.7339,0.9655,188.5091,12.5094
3062.47,2442.49,2168.7333,999.5929,1.3739,100.0,104.8544,0.1217,1.5498,0.0168,0.0055,0.9707,198.3204,0.0,6.9771,398.4584,9.8637,0.9768,188.4567,12.5331
3071.15,2501.0,2228.7222,2941.8341,1.7383,100.0,94.6056,0.1248,1.5431,-0.0093,0.0105,0.9557,198.7599,0.0,7.6825,414.7182,10.0034,0.9731,188.7565,12.3351
3075.67,2516.47,2213.9111,1973.969,1.2541,100.0,96.9456,0.1238,1.5651,-0.0131,-0.0085,0.9574,198.0528,0.0,10.1733,410.23,9.3127,0.9755,188.7402,12.3578
2971.86,2528.73,2204.5,1768.1986,1.3398,100.0,91.8511,0.1257,1.457,-0.0068,-0.007,0.9612,198.5362,0.0,6.742,404.4262,9.1953,0.9759,189.3409,12.5682
2892.86,2538.74,2197.3222,1586.9476,2.0983,100.0,97.6267,0.1249,1.562,0.0069,-0.0021,0.9541,200.9097,0.0,8.9836,414.9654,10.0565,0.9741,190.8532,12.5682
2996.69,2461.17,2211.4334,2130.9862,1.1351,100.0,86.7956,0.1237,1.4056,0.0013,-0.002,0.9788,202.4076,0.0,9.4042,413.8739,9.3965,0.9734,193.0111,12.5504
2999.04,2438.56,2184.7222,1009.0221,1.3187,100.0,101.9178,0.1219,1.4684,-0.0116,-0.0053,0.9661,201.7261,0.0,9.9037,404.6782,9.3723,0.959,192.3538,12.5049
3037.98,2370.44,2168.7333,999.5929,1.3739,100.0,104.8544,0.1217,1.4938,0.0078,0.001,0.9503,200.1397,0.0,6.4924,396.4098,10.0814,0.9722,190.0582,11.9482
3024.67,2620.96,2206.1444,1876.9899,2.0607,100.0,95.9511,0.1246,1.5648,0.0153,-0.0165,0.9767,201.3019,0.0,11.3511,412.1426,9.024,0.9798,192.278,12.4996
3034.43,2586.86,2197.3222,1586.9476,2.0983,100.0,97.6267,0.1249,1.5842,-0.0143,0.0049,0.9561,202.5048,0.0,10.391,412.7687,9.311,0.9733,193.1938,12.5331
3044.39,2526.85,2211.4334,2130.9862,1.1351,100.0,86.7956,0.1237,1.3656,-0.0251,0.0018,0.9685,198.6158,0.0,11.2013,419.332,9.0542,0.9735,189.5616,12.5049
3040.48,2512.03,2206.1444,1876.9899,2.0607,100.0,95.9511,0.1246,1.6242,0.0327,-0.0061,0.9699,196.1811,0.0,8.2135,396.3313,10.0053,0.9819,186.1758,12.4996
3082.05,2447.43,2210.2778,2120.576,1.07,100.0,95.1089,0.123,1.5367,0.0285,0.0111,0.9465,202.0811,0.0,5.7163,398.6099,9.7574,0.9583,192.3238,12.4692
3101.48,2577.44,2168.7333,999.5929,1.3739,100.0,104.8544,0.1217,1.6045,-0.0086,-0.0037,0.9561,198.6182,0.0,9.2542,399.3783,9.9713,0.9724,188.6469,12.3351
2947.91,2456.68,2195.5,1027.5153,1.3548,100.0,105.8378,0.1203,1.4765,0.0103,-0.0049,0.9731,198.5925,0.0,8.6061,415.4245,9.7107,0.9781,188.8817,12.551
2928.24,2524.91,2227.2444,1129.8739,1.2803,100.0,102.7956,0.1188,1.6373,-0.0139,0.0062,0.9701,198.7602,0.0,6.5954,400.8162,10.4883,0.9818,188.2719,12.539
3074.24,2426.86,2213.9111,1973.969,1.2541,100.0,96.9456,0.1238,1.6539,-0.0149,-0.0039,0.9565,197.6004,0.0,9.5004,406.2055,10.0576,0.9755,187.5429,12.3351
2941.85,2462.75,2172.3111,1202.5347,1.2955,100.0,101.3556,0.1212,1.4078,0.0146,-0.0112,0.9666,201.29,0.0,7.9037,411.4624,9.7902,0.9604,191.4998,12.5682
2945.05,2469.59,2204.5,1768.1986,1.3398,100.0,91.8511,0.1257,1.3786,0.0069,0.0023,0.968,201.3292,0.0,12.3825,420.4913,9.8005,0.9725,191.5286,12.5547
3066.18,2539.01,2180.5556,1165.1351,0.7892,100.0,101.4578,0.1226,1.4454,0.0177,0.0017,0.9757,201.1718,0.0,9.9407,398.6914,9.9019,0.979,191.2698,12.5376
3087.64,2403.24,2197.3222,1586.9476,2.0983,100.0,97.6267,0.1249,1.4314,0.02,0.0062,0.9691,196.2512,0.0,6.3496,402.4503,10.0109,0.9792,186.2402,12.539
3043.12,2473.67,2180.5556,1165.1351,0.7892,100.0,101.4578,0.1226,1.4276,0.0121,-0.0051,0.9672,202.444,0.0,9.7066,398.1627,9.9301,0.9729,192.5139,12.5488
2971.54,2457.64,2180.5556,1165.1351,0.7892,100.0,101.4578,0.1226,1.4785,0.0279,0.0092,0.9545,202.4017,0.0,10.6712,419.6355,10.012,0.975,192.3897,12.3578
2931.17,2467.4,2206.1444,1876.9899,2.0607,100.0,95.9511,0.1246,1.5922,0.0105,-0.0011,0.9713,195.6482,0.0,11.1145,408.8248,9.7479,0.9734,185.9003,12.551
3055.54,2508.88,2168.7333,999.5929,1.3739,100.0,104.8544,0.1217,1.4461,0.0196,-0.0125,0.9691,199.8782,0.0,7.233,403.1136,9.7902,0.9722,190.0879,12.3351
2949.99,2498.67,2204.1555,1276.2565,0.788,100.0,100.6922,0.1198,1.54,-0.0071,-0.0095,0.9679,201.3244,0.0,5.6317,396.1213,9.9321,0.9792,191.3923,12.2981
2927.94,2481.52,2206.5777,978.7832,1.3316,100.0,100.6189,0.1203,1.4675,-0.0146,0.0005,0.9716,196.2477,0.0,7.1375,399.7709,9.7575,0.9702,186.4902,11.9482
3041.48,2494.58,2213.9111,1973.969,1.2541,100.0,96.9456,0.1238,1.438,-0.0062,-0.0033,0.9667,197.2857,0.0,12.0643,413.8448,9.4885,0.9723,187.7973,12.5027
3188.9,2445.41,2213.9111,1973.969,1.2541,100.0,96.9456,0.1238,1.6564,-0.0135,-0.0002,0.9677,197.9419,0.0,9.7509,411.7612,10.0827,0.9808,187.8593,12.2981
3083.31,2377.31,2172.3111,1202.5347,1.2955,100.0,101.3556,0.1212,1.6136,-0.0201,0.0005,0.9689,195.196,0.0,8.2875,413.5676,9.0626,0.9734,186.1334,12.5331
3075.1,2614.51,2168.7333,999.5929,1.3739,100.0,104.8544,0.1217,1.5578,0.011,0.0008,0.968,201.8252,0.0,9.6427,418.1111,10.0777,0.98,191.7475,12.5504
3012.68,2420.35,2172.3111,1202.5347,1.2955,100.0,101.3556,0.1212,1.3885,0.0017,-0.011,0.967,197.4565,0.0,10.386,409.786,9.5046,0.9727,187.9518,12.3578
2981.7,2415.79,2201.8666,1185.4396,1.3996,100.0,99.9211,0.1199,1.4947,-0.0003,0.0077,0.955,201.7249,0.0,9.0853,423.8132,9.2386,0.9743,192.4863,11.9482
3000.77,2428.2,2201.8666,1185.4396,1.3996,100.0,99.9211,0.1199,1.6202,-0.0158,-0.0065,0.9536,201.022,0.0,8.0995,400.3532,9.9472,0.9718,191.0748,12.3543
3058.91,2498.77,2060.66,1410.3599,3.8894,100.0,96.6256,0.1181,1.5438,0.0014,-0.0057,0.965,197.2722,0.0,7.6564,408.6287,10.1903,0.9797,187.0819,12.5106
2999.96,2510.24,2206.1444,1876.9899,2.0607,100.0,95.9511,0.1246,1.4172,0.0285,-0.0078,0.9722,196.3234,0.0,11.6201,423.7767,9.6885,0.9741,186.6349,12.3578
3079.44,2395.39,2209.0889,1459.4739,2.1612,100.0,98.9011,0.1242,1.5335,0.0158,-0.0095,0.9804,200.2872,0.0,9.3252,400.9785,8.573,0.9618,191.7142,12.5331
3234.24,2347.02,2202.3556,1854.7633,1.3593,100.0,103.2378,0.1239,1.3924,-0.0116,-0.0132,0.9688,201.5231,0.0,9.0556,406.1285,9.3865,0.9741,192.1365,12.5682
2994.15,2522.16,2211.6,2122.258,1.447,100.0,94.2089,0.1242,1.5215,-0.0164,0.0102,0.9526,200.4402,0.0,8.5891,416.4335,9.9054,0.9712,190.5347,12.5682
3043.23,2411.35,2172.3111,1202.5347,1.2955,100.0,101.3556,0.1212,1.5698,0.0141,0.0111,0.9694,198.5973,0.0,6.1933,399.1448,9.6486,0.9637,188.9488,12.3578
2940.53,2517.42,2206.1444,1876.9899,2.0607,100.0,95.9511,0.1246,1.4438,0.012,-0.0083,0.9731,195.6898,0.0,7.714,414.6625,9.0469,0.9767,186.6429,12.3351
3040.06,2520.63,2201.8666,1185.4396,1.3996,100.0,99.9211,0.1199,1.6092,-0.0339,-0.0043,0.9809,196.2782,0.0,9.0018,403.9977,9.2141,0.9762,187.0641,12.9116
2966.26,2524.57,2213.9111,1973.969,1.2541,100.0,96.9456,0.1238,1.4323,0.0104,-0.0195,0.9652,202.8889,0.0,7.7905,412.3487,9.5766,0.9605,193.3123,12.4124
3086.92,2547.79,2215.5111,2039.3196,1.215,100.0,99.4189,0.1238,1.5017,0.0173,0.0111,0.9666,202.7727,0.0,8.2638,420.2789,9.4543,0.965,193.3184,12.391
2982.4,2528.21,,,,,,,1.4805,0.0123,0.0009,0.9686,202.3658,0.0,10.8885,420.1216,9.9446,0.9739,192.4212,12.3996
2901.62,2569.45,2223.9,1745.3724,1.9974,100.0,96.7567,0.1241,1.595,-0.0163,0.0061,0.9835,195.7092,0.0,8.4954,399.508,9.2262,0.9791,186.483,12.5237
3053.64,2351.94,2206.1444,1876.9899,2.0607,100.0,95.9511,0.1246,1.4587,0.0284,-0.007,0.967,201.1963,0.0,10.4986,406.6259,9.7555,0.9732,191.4408,12.3578
2938.84,2453.25,2188.5444,1251.2688,0.798,100.0,103.5944,0.1199,1.5136,0.0225,-0.0269,0.9711,201.8856,0.0,9.5197,425.3996,9.6144,0.9654,192.2712,12.5682
3045.11,2444.87,2215.1778,2192.1867,1.8829,100.0,85.6589,0.1237,1.4193,0.0113,-0.0007,0.9787,196.9404,0.0,8.2633,417.4764,9.4102,0.9806,187.5301,12.5106
3033.11,2435.14,2172.3111,1202.5347,1.2955,100.0,101.3556,0.1212,1.462,-0.0172,-0.0007,0.9789,195.4948,0.0,4.3695,421.8092,9.4434,0.9768,186.0514,12.3351
3022.6,2533.92,2184.7222,1009.0221,1.3187,100.0,101.9178,0.1219,1.4772,0.0283,-0.0072,0.9696,201.4698,0.0,11.1365,411.6571,9.7771,0.9761,191.6926,12.4692
2976.58,2495.16,2215.5111,2039.3196,1.215,100.0,99.4189,0.1238,1.6147,-0.0132,0.0009,0.9689,201.3405,0.0,10.3783,405.8646,9.77,0.9728,191.5705,12.5106
2917.47,2481.56,2247.3666,1039.741,1.3594,100.0,104.36,0.1171,1.5351,0.0039,-0.0046,0.9788,197.1106,0.0,8.36,409.6625,9.5292,0.9794,187.5814,12.4996
3071.03,2483.66,2215.5111,2039.3196,1.215,100.0,99.4189,0.1238,1.4726,0.0095,-0.0009,0.9496,201.9857,0.0,7.8098,415.879,9.3976,0.9595,192.5882,12.4124
2945.22,2570.44,2194.9556,2341.7833,2.3917,100.0,86.81,0.1231,1.4207,0.0086,0.0071,0.9685,197.9288,0.0,8.8046,418.3355,9.1378,0.9726,188.7909,12.391
3072.86,2434.6,2206.1444,1876.9899,2.0607,100.0,95.9511,0.1246,1.5587,0.0031,0.0024,0.9732,195.6715,0.0,9.3601,408.2,9.6125,0.9773,186.059,12.3351
3075.12,2476.8,2189.3556,2363.6412,2.1415,100.0,83.4233,0.1246,1.5631,0.0084,0.0014,0.9698,199.0436,0.0,4.3793,407.5614,8.9714,0.9748,190.0722,12.5782
3004.57,2460.59,2166.2111,894.8612,1.4073,100.0,105.6256,0.1219,1.383,0.0305,0.0018,0.9508,202.4378,0.0,7.696,410.8402,8.9505,0.9588,193.4873,12.3543
3055.47,2423.38,2226.3111,2252.1538,1.2295,100.0,92.6178,0.1239,1.5948,0.0077,-0.0078,0.9724,198.7725,0.0,8.5791,409.2611,8.723,0.9668,190.0495,12.5331
2965.5,2500.25,2206.1444,1876.9899,2.0607,100.0,95.9511,0.1246,1.5332,0.0097,0.0014,0.9841,194.8466,0.0,9.0383,426.353,9.0271,0.9796,185.8195,12.4996
2957.7,2509.62,2226.3111,2252.1538,1.2295,100.0,92.6178,0.1239,1.3561,0.0045,-0.0011,0.97,201.0821,0.0,7.0269,407.0773,9.262,0.9761,191.82,12.3543
2992.4,2590.8,2223.9,1745.3724,1.9974,100.0,96.7567,0.1241,1.5519,-0.0273,0.0063,0.9785,198.6692,0.0,7.5124,401.1307,9.4729,0.9727,189.1963,12.5535
2933.15,2497.76,2218.6223,1416.6631,1.901,100.0,99.6067,0.126,1.5314,-0.0241,-0.0076,0.9513,196.8306,0.0,10.486,415.2054,9.85,0.971,186.9806,12.3543
3099.58,2397.99,2153.9778,1192.6994,1.3522,100.0,100.9367,0.1225,1.4823,-0.0012,0.0233,0.9801,196.7235,0.0,10.8615,423.5282,9.7142,0.9835,187.0094,12.5967
2990.68,2449.84,2172.3111,1202.5347,1.2955,100.0,101.3556,0.1212,1.4616,0.0106,-0.0046,0.965,201.0862,0.0,8.3683,420.1167,10.3963,0.9843,190.6899,12.539
3061.73,2463.72,2153.9778,1192.6994,1.3522,100.0,100.9367,0.1225,1.5714,-0.0073,0.017,0.968,195.4061,0.0,9.6805,414.7777,9.7038,0.9735,185.7023,12.5412
3053.34,2353.23,2211.6,2122.258,1.447,100.0,94.2089,0.1242,1.5416,-0.0257,0.0041,0.9725,197.7977,0.0,6.4489,404.1266,9.7739,0.9769,188.0239,12.3543
2972.6,2622.6,2169.8334,1301.9348,0.8012,100.0,101.9733,0.1216,1.5264,-0.013,-0.0192,0.9712,202.7461,0.0,7.4878,403.7071,9.8863,0.9743,192.8598,12.5412
3083.8,2494.57,2201.8666,1185.4396,1.3996,100.0,99.9211,0.1199,1.6255,-0.0172,-0.0049,0.9554,202.3047,0.0,3.5445,406.9945,9.2906,0.9758,193.0141,12.551
2994.92,2516.35,2146.7778,3715.0417,0.9069,100.0,84.9267,0.1286,1.6187,0.0027,0.0077,0.9577,201.7701,0.0,6.883,398.3326,9.9079,0.9642,191.8623,12.5547
3026.09,2553.9,2215.5111,2039.3196,1.215,100.0,99.4189,0.1238,1.4328,0.0054,0.0105,0.9469,203.2867,0.0,9.4695,413.4659,9.2924,0.9703,193.9943,12.4124
2994.06,2548.91,2247.3666,1039.741,1.3594,100.0,104.36,0.1171,1.4459,0.0172,0.0028,0.9655,201.8818,0.0,7.7389,410.0264,9.0234,0.9701,192.8584,12.2981
2978.33,2405.53,2203.4445,1915.7558,1.2616,100.0,101.1833,0.1261,1.3376,0.0201,-0.005,0.9717,198.1949,0.0,6.8415,403.2541,9.8953,0.9778,188.2996,12.3578
3044.47,2361.71,2192.5556,1908.553,1.3766,100.0,96.14,0.1258,1.3601,0.0031,-0.008,0.9794,197.7423,0.0,8.0655,414.4647,8.7404,0.9777,189.0019,12.5547
2975.13,2557.37,2194.9555,1108.2246,1.2476,100.0,102.2822,0.1202,1.4465,0.0091,-0.0017,0.9705,198.9339,0.0,13.0655,407.9364,9.8488,0.9754,189.0851,12.4912
3014.07,2554.21,2226.0667,2073.6381,1.2717,100.0,95.7489,0.1238,1.4422,-0.0013,0.0031,0.9721,198.5648,0.0,11.606,408.3936,9.8708,0.9766,188.6939,12.5547
3064.09,2488.15,2231.6111,2005.8966,1.2969,100.0,93.7522,0.1234,1.365,0.0034,-0.0068,0.967,203.0295,0.0,11.3562,413.2846,9.971,0.9726,193.0584,12.602
3070.16,2561.21,2247.3666,1039.741,1.3594,100.0,104.36,0.1171,1.5275,0.0159,0.0168,0.974,198.3661,0.0,7.4739,412.7441,9.1269,0.977,189.2393,12.5665
3017.86,2584.79,2169.8334,1301.9348,0.8012,100.0,101.9733,0.1216,1.5374,-0.0343,0.0101,0.9799,197.076,0.0,8.6364,408.2437,9.1887,0.982,187.8872,12.5376
3073.48,2467.18,2200.2,1121.1875,1.3171,100.0,103.8978,0.1191,1.4015,0.0095,-0.007,0.9753,198.1832,0.0,8.282,398.9449,9.6179,0.9803,188.5653,12.5786
3027.61,2430.03,2219.7667,2086.471,1.3381,100.0,98.89,0.1234,1.409,0.016,0.0018,0.9735,197.8666,0.0,7.5863,403.8722,9.6257,0.9753,188.241,12.602
2950.97,2533.95,2249.2556,2065.0624,2.1216,100.0,95.7967,0.1222,1.3418,-0.0112,0.0015,0.9757,198.5195,0.0,10.328,420.7809,9.734,0.9804,188.7856,12.5786
3093.12,2500.9,2219.7667,2086.471,1.3381,100.0,98.89,0.1234,1.4117,0.0087,-0.0108,0.9791,198.1925,0.0,11.8884,413.0729,9.8508,0.9833,188.3417,12.2981
2988.76,2497.58,2153.9778,1192.6994,1.3522,100.0,100.9367,0.1225,1.459,-0.0074,-0.006,0.9761,197.3831,0.0,9.7173,425.6435,9.3346,0.981,188.0485,12.5861
2990.69,2428.85,2249.2556,2065.0624,2.1216,100.0,95.7967,0.1222,1.3682,-0.011,-0.0085,0.9752,198.8217,0.0,9.7614,416.0097,9.6392,0.9767,189.1825,12.602
2978.77,2441.17,2254.7111,1981.2999,2.1046,100.0,90.9167,0.1224,1.4726,0.0041,0.006,0.9698,196.841,0.0,12.3575,407.8105,9.9798,0.9752,186.8611,12.3543
3036.99,2448.38,2194.9555,1108.2246,1.2476,100.0,102.2822,0.1202,1.5149,0.0025,-0.0063,0.9715,198.8918,0.0,8.3415,398.833,9.8658,0.9763,189.026,12.5412
3006.75,2517.09,2254.7111,1981.2999,2.1046,100.0,90.9167,0.1224,1.5901,-0.0071,0.0127,0.9838,196.1986,0.0,7.9854,414.3507,9.3935,0.9806,186.8051,12.5992
2960.63,2570.46,2206.1444,1876.9899,2.0607,100.0,95.9511,0.1246,1.5341,0.035,-0.0068,0.9756,197.8928,0.0,14.3989,432.9844,8.7688,0.9743,189.1239,12.5547
3021.61,2440.29,2227.2222,2043.5876,1.1892,100.0,95.5267,0.1253,1.5335,-0.0083,-0.0095,0.9682,198.3405,0.0,10.9837,414.8713,9.3651,0.9747,188.9754,12.4124
2960.56,2465.42,2213.9111,1973.969,1.2541,100.0,96.9456,0.1238,1.6001,0.0105,-0.0099,0.9482,202.0352,0.0,8.8381,411.7386,10.1037,0.9717,191.9315,12.4124
2978.15,2506.0,2153.9778,1192.6994,1.3522,100.0,100.9367,0.1225,1.4035,0.0222,-0.0014,0.9703,198.2337,0.0,11.0332,415.0782,9.9536,0.9761,188.2801,12.602
3053.48,2674.54,2231.6111,2005.8966,1.2969,100.0,93.7522,0.1234,1.4217,0.0029,-0.0119,0.9723,202.8347,0.0,7.0235,396.2753,9.9491,0.9752,192.8856,12.4912
3031.22,2538.56,2211.5222,1079.7336,0.8126,100.0,105.1278,0.119,1.4615,-0.0109,0.014,0.9648,203.2211,0.0,6.5553,403.3514,9.6231,0.9686,193.598,12.5412
2935.34,2551.27,2276.4556,2148.5397,1.2317,100.0,93.6778,0.1199,1.4132,-0.031,0.0069,0.9728,198.3781,0.0,9.2702,403.499,9.6178,0.9713,188.7603,12.5412
2972.34,2465.62,2231.6111,2005.8966,1.2969,100.0,93.7522,0.1234,1.3824,0.0045,-0.0068,0.9774,202.1628,0.0,6.5091,391.3602,9.8631,0.9794,192.2997,12.5743
3051.68,2505.27,2219.7667,2086.471,1.3381,100.0,98.89,0.1234,1.3242,0.013,-0.0102,0.9781,197.661,0.0,8.7598,404.651,9.8575,0.9825,187.8035,12.5743
3056.49,2488.9,2192.5556,1908.553,1.3766,100.0,96.14,0.1258,1.5745,0.005,0.0006,0.9555,201.4365,0.0,7.5646,413.0839,9.8614,0.9626,191.5751,12.3543
3034.13,2481.64,2219.7667,2086.471,1.3381,100.0,98.89,0.1234,1.391,0.0086,-0.0015,0.9673,201.7196,0.0,8.4638,410.9316,9.8991,0.9792,191.8205,12.5743
3090.72,2408.28,2226.0667,2073.6381,1.2717,100.0,95.7489,0.1238,1.4945,0.0195,-0.012,0.9796,197.4323,0.0,12.9654,419.6544,9.1067,0.9818,188.3256,12.4996
3012.45,2422.48,2208.5222,1838.7054,1.1571,100.0,95.2056,0.1249,1.4939,0.0096,0.0071,0.9787,197.7131,0.0,6.4817,398.2141,9.9903,0.9809,187.7228,12.5661
2990.29,2522.35,2200.2,1121.1875,1.3171,100.0,103.8978,0.1191,1.432,0.0142,-0.017,0.9783,197.8119,0.0,7.1712,400.5376,9.9884,0.9808,187.8235,12.56
2997.67,2446.47,2147.1111,1081.8758,1.355,100.0,103.2778,0.1226,1.444,0.0159,-0.0135,0.964,201.9157,0.0,8.0093,400.1677,9.8566,0.9696,192.0591,12.3543
3040.28,2577.44,2233.6334,1962.0026,1.212,100.0,99.0133,0.1222,1.42,0.015,-0.0019,0.9775,200.6577,0.0,9.5635,419.0764,9.7748,0.978,190.8829,12.5876
2995.73,2515.83,2231.6111,2005.8966,1.2969,100.0,93.7522,0.1234,1.4136,0.0129,-0.0125,0.9848,197.3102,0.0,9.0863,416.4624,9.6759,0.9813,187.6343,12.5967
2908.22,2481.32,2168.7333,999.5929,1.3739,100.0,104.8544,0.1217,1.5293,0.0115,-0.0053,0.9679,197.5855,0.0,2.9146,403.6285,9.688,0.9748,187.8975,12.3578
3005.31,2409.49,2200.2,1121.1875,1.3171,100.0,103.8978,0.1191,1.4649,0.0077,0.0046,0.9722,198.4158,0.0,11.2858,411.0222,9.8285,0.9775,188.5873,12.5412
3005.52,2444.92,2227.2222,2043.5876,1.1892,100.0,95.5267,0.1253,1.5712,-0.0121,0.0051,0.9585,202.8279,0.0,7.9309,410.3675,10.2007,0.9747,192.6273,12.5331
3208.56,2398.66,2147.1111,1081.8758,1.355,100.0,103.2778,0.1226,1.4675,0.0095,0.0052,0.9793,198.1283,0.0,10.6305,406.4065,9.845,0.9834,188.2833,12.5786
3063.64,2519.77,2231.6111,2005.8966,1.2969,100.0,93.7522,0.1234,1.3704,0.0152,-0.017,0.9781,202.5876,0.0,9.6116,403.8292,9.9558,0.9821,192.6318,12.5861
3150.47,2621.33,2231.6111,2005.8966,1.2969,100.0,93.7522,0.1234,1.4202,0.015,0.0094,0.967,202.558,0.0,7.0696,400.1195,9.4096,0.9789,193.1485,12.5967
3244.74,2422.0,2208.5222,1838.7054,1.1571,100.0,95.2056,0.1249,1.5575,0.0049,-0.0207,0.9762,197.8988,0.0,9.1637,421.235,9.9621,0.9809,187.9367,12.56
2940.74,2596.71,2200.2,1121.1875,1.3171,100.0,103.8978,0.1191,1.3836,0.0135,0.0013,0.9518,203.4228,0.0,8.5389,408.2683,9.9299,0.9716,193.493,12.4124
2981.49,2536.82,2147.1111,1081.8758,1.355,100.0,103.2778,0.1226,1.6075,0.0095,0.0059,0.9785,198.4329,0.0,8.6425,412.3637,10.0093,0.9808,188.4236,12.5743
3026.53,2558.28,2147.1111,1081.8758,1.355,100.0,103.2778,0.1226,1.4286,0.0113,-0.0051,0.9804,198.7801,0.0,7.2461,409.1284,9.2537,0.9816,189.5264,12.5743
3054.95,2531.78,2178.5889,1135.3544,0.8614,100.0,103.7022,0.1205,1.3499,-0.0009,0.0044,0.9619,203.5156,0.0,8.8015,415.2975,9.8735,0.9734,193.6421,12.499
3060.97,2579.88,2203.4445,1915.7558,1.2616,100.0,101.1833,0.1261,1.4293,0.0199,0.0076,0.9508,202.8107,0.0,9.983,419.3805,9.4105,0.9721,193.4002,12.4124
2996.61,2496.09,2178.4667,993.1907,0.7649,100.0,104.6267,0.1215,1.4536,0.0192,-0.0152,0.9655,202.7561,0.0,8.2367,411.7414,9.8814,0.9726,192.8747,12.5192
2994.22,2541.27,2222.0111,1229.4964,0.7647,100.0,105.2711,0.1183,1.4243,0.0059,-0.0034,0.9679,201.2948,0.0,9.1878,406.0472,10.1854,0.9695,191.1094,12.5412
2945.66,2572.15,2185.1,1201.0491,0.7821,100.0,105.8489,0.1208,1.39,0.0302,-0.0112,0.9771,203.1026,0.0,11.8272,418.602,9.6227,0.9777,193.4799,12.5949
3160.57,2569.69,2244.9778,2208.4483,1.9074,100.0,87.2789,0.1217,1.5688,0.0181,0.018,0.9671,202.5817,0.0,4.2194,398.1974,9.6011,0.9729,192.9805,12.5224
3180.09,2327.29,2200.2,1121.1875,1.3171,100.0,103.8978,0.1191,1.3209,-0.004,-0.0013,0.9787,193.8387,0.0,8.1735,402.6083,9.5075,0.9782,184.3312,12.2981
3069.3,2501.13,2200.2,1121.1875,1.3171,100.0,103.8978,0.1191,1.3496,-0.0018,-0.0094,0.9655,202.5799,0.0,10.435,410.9247,9.5713,0.9688,193.0086,12.4002
3136.15,2504.96,2178.4667,993.1907,0.7649,100.0,104.6267,0.1215,1.4234,-0.0179,-0.0066,0.977,198.8962,0.0,11.2301,412.8452,8.9728,0.9718,189.9234,12.4431
2988.21,2490.26,2219.7667,2086.471,1.3381,100.0,98.89,0.1234,1.3825,0.005,0.0018,0.9748,197.5396,0.0,10.2436,412.2285,9.585,0.9756,187.9546,12.5412
3068.67,2517.04,2258.2778,2073.0764,1.2329,100.0,96.9478,0.1208,1.3524,0.002,-0.0088,0.9714,198.2341,0.0,6.7947,399.8484,9.4281,0.9731,188.806,12.5412
3225.61,2493.13,2266.8333,2040.1937,1.6558,100.0,94.8489,0.1216,1.4162,0.002,-0.0136,0.9681,199.0026,0.0,9.3234,416.504,9.9148,0.9735,189.0878,12.602
2936.51,2483.29,2266.8333,2040.1937,1.6558,100.0,94.8489,0.1216,1.4105,-0.0262,0.0064,0.9682,199.0286,0.0,6.8099,399.3023,9.9457,0.9732,189.0829,12.4059
3170.24,2485.64,2186.9,936.4327,1.3493,100.0,104.3367,0.1206,1.3525,0.0313,-0.0088,0.9763,198.6402,0.0,8.7823,410.8838,8.7452,0.9745,189.895,12.4431
3039.4,2473.48,2178.4667,993.1907,0.7649,100.0,104.6267,0.1215,1.4286,-0.0143,-0.0175,0.9754,201.8187,0.0,8.259,406.4911,8.8194,0.9788,192.9993,12.6122
3078.2,2573.39,2187.6667,991.7358,1.2727,100.0,105.0156,0.1212,1.4182,-0.0029,0.0148,0.9639,203.4359,0.0,3.6878,412.0525,10.2704,0.9759,193.1655,12.5259
3010.3,2421.7,2249.2556,2065.0624,2.1216,100.0,95.7967,0.1222,1.4818,-0.0088,-0.0064,0.9783,198.5195,0.0,6.6023,395.8883,9.6789,0.9786,188.8406,12.5743
3016.34,2538.44,2266.8333,2040.1937,1.6558,100.0,94.8489,0.1216,1.3613,0.0006,0.01,0.9774,200.6021,0.0,9.9317,414.9645,9.2689,0.9726,191.3332,12.4002
2978.96,,2250.3667,1847.0925,2.0218,100.0,91.0589,0.1214,1.3809,0.0013,-0.0124,0.9711,202.6808,0.0,3.7118,406.7743,10.2423,0.9802,192.4385,12.5661
2911.84,2507.04,2176.4667,1024.0477,1.2782,100.0,105.7178,0.1203,1.3573,0.0162,-0.0094,0.9755,199.1708,0.0,10.7845,407.8579,9.9546,0.9785,189.2162,12.5833
2888.58,3299.9272805573432,2200.2,1121.1875,1.3171,100.0,103.8978,0.1191,1.4342,0.0168,-0.001,0.969,198.4059,0.0,9.4112,407.3841,9.5494,0.9711,188.8565,12.602
3043.77,2588.52,2219.7667,2086.471,1.3381,100.0,98.89,0.1234,1.4575,0.0093,-0.0071,0.9653,202.9193,0.0,7.8464,397.0529,9.7462,0.9697,193.1732,12.4124
2888.9,2553.54,2187.6667,991.7358,1.2727,100.0,105.0156,0.1212,1.604,-0.0226,0.0072,0.9782,202.5631,0.0,7.8224,410.9067,8.9028,0.9809,193.6603,12.6069
3059.68,2463.23,2227.9778,3619.7397,1.6656,100.0,87.22,0.1239,1.4368,0.0162,-0.0064,0.9795,197.6388,0.0,7.0728,404.2662,8.7683,0.9773,188.8706,12.4431
3009.94,2524.62,2200.2,1121.1875,1.3171,100.0,103.8978,0.1191,1.3661,0.0113,-0.0261,0.9789,202.9713,0.0,11.6369,411.649,9.8566,0.9806,193.1147,12.5786
2966.24,2540.03,2169.9444,1095.3519,1.3425,100.0,104.0144,0.1208,1.3825,-0.0062,0.0106,0.9754,202.2949,0.0,8.8328,404.8919,9.6388,0.9791,192.6561,12.4804
3186.16,2316.01,2169.9444,1095.3519,1.3425,100.0,104.0144,0.1208,1.4757,-0.0106,-0.0048,0.964,202.1667,0.0,8.673,403.7085,9.6467,0.9716,192.52,12.5059
3162.14,2266.53,2169.9444,1095.3519,1.3425,100.0,104.0144,0.1208,1.4635,0.0004,0.0016,0.975,202.4,0.0,8.3196,401.1747,9.6817,0.9788,192.7183,12.4804
3018.33,2438.58,2169.9444,1095.3519,1.3425,100.0,104.0144,0.1208,1.4587,-0.0028,0.0044,0.9748,200.8326,0.0,9.7447,434.2063,9.6654,0.9785,191.1672,12.4804
3104.27,2448.68,2169.9444,1095.3519,1.3425,100.0,104.0144,0.1208,1.4007,-0.0133,0.0028,0.9755,202.4159,0.0,9.4515,402.7524,9.6747,0.9794,192.7411,12.4804
3062.78,2491.31,2266.8333,2040.1937,1.6558,100.0,94.8489,0.1216,1.3909,0.0053,-0.0055,0.9715,198.875,0.0,10.3935,406.3365,9.8539,0.9762,189.021,12.4431
3070.78,2592.56,2222.0111,1229.4964,0.7647,100.0,105.2711,0.1183,1.4145,0.0204,-0.0057,0.979,198.4,0.0,7.3985,406.2388,9.6658,0.9796,188.7342,12.2981
3072.44,2458.09,2179.1111,1305.8262,0.8117,100.0,103.5033,0.1203,1.3837,0.0024,-0.0026,0.975,197.8791,0.0,6.9263,428.9845,9.3229,0.9768,188.5562,12.6122
3160.54,2304.83,2233.6334,1962.0026,1.212,100.0,99.0133,0.1222,1.4381,0.0082,-0.0058,0.9697,201.0743,0.0,6.5274,402.4356,9.5186,0.9712,191.5557,12.5167
2880.58,2489.76,2256.6,2365.4787,1.1384,100.0,85.4278,0.1205,1.6114,0.0484,0.0043,0.9788,198.1248,0.0,9.2825,405.6397,9.8016,0.9804,188.3233,12.5833
3099.37,2450.29,2178.5889,1135.3544,0.8614,100.0,103.7022,0.1205,1.5323,0.0171,0.0081,0.9807,198.3297,0.0,10.0246,403.5821,9.8069,0.9815,188.5228,12.58
2998.44,2509.54,2249.2556,2065.0624,2.1216,100.0,95.7967,0.1222,1.3096,0.0185,-0.0057,0.9753,198.3801,0.0,8.1319,396.8664,9.5937,0.978,188.7863,12.4473
3065.12,2627.29,2249.2556,2065.0624,2.1216,100.0,95.7967,0.1222,1.3728,0.0151,-0.0123,0.9719,198.4715,0.0,6.9447,405.6245,9.6744,0.9735,188.7971,12.602
3088.41,2443.66,2249.2556,2065.0624,2.1216,100.0,95.7967,0.1222,1.4021,-0.0085,-0.0078,0.9792,200.9995,0.0,6.0915,398.0673,9.6698,0.9799,191.3297,12.5743
3018.57,2500.01,2137.6111,950.572,0.9199,100.0,105.1889,0.1251,1.3384,0.0336,-0.0136,0.9708,198.5894,0.0,10.8725,422.343,9.6812,0.9715,188.9082,12.5273
3034.01,2545.83,2256.6,2365.4787,1.1384,100.0,85.4278,0.1205,1.4004,0.0228,0.0141,0.9652,202.7332,0.0,5.4285,409.0234,9.5896,0.9729,193.1436,12.602
2991.47,2493.2,2276.4556,2148.5397,1.2317,100.0,93.6778,0.1199,1.3917,-0.0103,-0.0018,0.9784,198.9452,0.0,7.6839,402.3456,9.9381,0.9812,189.0072,12.5951
3052.93,2563.53,2260.7333,1969.7867,1.2109,100.0,91.3367,0.1207,1.3782,0.0118,0.0067,0.9742,198.4487,0.0,9.0965,410.4054,9.7568,0.9782,188.6918,12.58
2885.8,2607.01,2231.9555,1943.0435,1.2758,100.0,96.8789,0.1224,1.4912,0.0001,-0.0062,0.9761,202.5901,0.0,6.6693,396.0766,9.5681,0.9795,193.022,12.5861
3151.8,2571.06,2244.9778,2208.4483,1.9074,100.0,87.2789,0.1217,1.45,0.0063,0.0099,0.9765,202.718,0.0,4.1002,402.359,9.4755,0.977,193.2425,12.6106
3010.83,2501.26,2158.7,902.9779,1.3177,100.0,106.3611,0.1228,1.3273,-0.019,0.0009,0.9737,198.1665,0.0,6.6169,402.6731,9.7313,0.9777,188.4352,12.6122
3135.88,2578.76,2227.9778,3619.7397,1.6656,100.0,87.22,0.1239,1.3849,-0.006,-0.0005,0.9681,193.7415,0.0,7.2702,423.2069,9.5884,0.9759,184.1532,12.5259
2916.93,2424.52,2231.9555,1943.0435,1.2758,100.0,96.8789,0.1224,1.5826,-0.0089,0.0035,0.9736,197.8428,0.0,7.818,403.8421,9.7254,0.9747,188.1174,12.5412
2910.99,2533.39,2186.9,936.4327,1.3493,100.0,104.3367,0.1206,1.3954,0.0246,-0.0117,0.9748,198.0133,0.0,6.0105,428.4587,9.1,0.9754,188.9133,12.5141
3182.35,2520.4,2187.7888,1350.3395,0.7945,100.0,101.9267,0.12,1.4629,-0.0164,-0.0114,0.9765,202.3344,0.0,4.3504,404.9535,9.5044,0.9795,192.83,12.5651
3046.14,2475.59,2231.9555,1943.0435,1.2758,100.0,96.8789,0.1224,1.4511,-0.0017,0.003,0.9695,202.8572,0.0,6.5991,398.5866,9.8879,0.9753,192.9693,12.5861
2983.56,2595.74,2206.1444,1876.9899,2.0607,100.0,95.9511,0.1246,1.4808,-0.006,-0.0033,0.9728,201.4764,0.0,7.1726,412.7593,9.5886,0.9741,191.8878,12.5484
3052.22,2496.49,2219.7667,2086.471,1.3381,100.0,98.89,0.1234,1.3088,0.0105,-0.0059,0.9846,197.3422,0.0,10.9365,412.3116,9.5578,0.9814,187.7844,12.5786
3059.62,2376.27,2266.8333,2040.1937,1.6558,100.0,94.8489,0.1216,1.4303,0.0048,-0.004,0.9674,200.8165,0.0,8.0925,401.6148,9.2069,0.9699,191.6096,12.5167
3002.82,2450.49,2269.2556,2023.4334,1.1215,100.0,91.64,0.1194,1.4048,0.0266,0.0006,0.972,202.9385,0.0,5.2735,406.0695,10.1361,0.9791,192.8024,12.5833
3038.68,2512.1,2182.6222,1209.5092,0.8975,100.0,104.6689,0.1226,1.4782,0.0069,0.0024,0.9628,198.7175,0.0,6.1422,401.8107,9.8208,0.9706,188.8967,12.4845
2935.99,2577.58,2276.4556,2148.5397,1.2317,100.0,93.6778,0.1199,1.404,-0.0025,-0.0007,0.965,200.8189,0.0,6.5924,421.6425,9.7091,0.9736,191.1098,12.5167
3030.88,2398.4,2211.4334,2130.9862,1.1351,100.0,86.7956,0.1237,1.4233,-0.0049,0.0021,0.9694,200.7919,0.0,4.7196,333.4486,4.4696,0.9753,196.3223,12.5488
3033.32,2562.2,2221.9778,2434.5273,1.2596,100.0,86.17,0.1219,1.4078,0.0052,0.0004,0.9566,203.7685,0.0,5.4211,418.3875,10.0742,0.9706,193.6943,12.5169
3180.23,2517.21,2147.1111,1081.8758,1.355,100.0,103.2778,0.1226,1.3813,0.0137,-0.0096,0.9767,202.8322,0.0,8.7742,400.2952,9.4639,0.9772,193.3683,12.5786
3038.74,2432.83,2222.0111,1229.4964,0.7647,100.0,105.2711,0.1183,1.4796,0.0004,-0.0042,0.9789,200.2911,0.0,8.3052,421.3147,9.6774,0.9795,190.6137,12.5661
3230.2,2476.1,2276.4556,2148.5397,1.2317,100.0,93.6778,0.1199,1.5456,-0.0285,-0.0166,0.9668,202.7556,0.0,8.7356,406.7891,9.4257,0.9724,193.3299,12.4951
3041.09,2630.42,2193.3555,1087.7379,1.2169,100.0,104.4778,0.1195,1.4854,0.0173,-0.0095,0.9708,197.9173,0.0,6.3978,403.1928,9.6349,0.9756,188.2824,12.4912
3078.17,2450.31,2260.7333,1969.7867,1.2109,100.0,91.3367,0.1207,1.4022,0.0209,-0.0027,0.9777,199.3171,0.0,12.6143,422.5564,9.7063,0.981,189.6108,12.6037
2995.26,2447.22,2185.1,1201.0491,0.7821,100.0,105.8489,0.1208,1.3608,0.025,-0.006,0.9622,203.5678,0.0,7.7283,408.1332,9.5586,0.9649,194.0093,12.4124
2939.59,2567.48,2165.0333,926.8103,1.3455,100.0,102.1067,0.1239,1.4693,0.0022,0.0047,0.9626,198.1433,0.0,11.0486,422.7605,9.7871,0.974,188.3563,12.4992
2938.9,2532.4,2221.9778,2434.5273,1.2596,100.0,86.17,0.1219,1.4658,-0.0167,-0.001,0.9601,202.6036,0.0,6.8017,418.5736,10.0782,0.9728,192.5254,12.5129
3217.96,2485.8,2137.6111,950.572,0.9199,100.0,105.1889,0.1251,1.5947,-0.0112,0.0025,0.9781,195.5517,0.0,4.6575,400.0605,9.5264,0.9783,186.0253,12.5027
3056.65,2427.2,2266.8333,2040.1937,1.6558,100.0,94.8489,0.1216,1.4669,-0.008,-0.0173,0.9752,198.5285,0.0,10.1394,419.8811,9.8698,0.9777,188.6587,12.4059
3013.15,2573.37,2222.0111,1229.4964,0.7647,100.0,105.2711,0.1183,1.4048,0.0018,0.0049,0.9713,199.9659,0.0,7.2109,406.6947,9.9486,0.975,190.0173,12.4002
3074.58,2452.15,2221.9778,2434.5273,1.2596,100.0,86.17,0.1219,1.5927,-0.0227,0.0059,0.9711,201.9498,0.0,4.4954,408.2083,10.1674,0.9781,191.7823,12.5949
2895.09,2552.96,2260.7333,1969.7867,1.2109,100.0,91.3367,0.1207,1.4135,0.0283,-0.0065,0.9765,199.8666,0.0,7.8413,422.5815,9.4864,0.9769,190.3803,12.6106
2939.8,2605.97,2231.6111,2005.8966,1.2969,100.0,93.7522,0.1234,1.4259,0.0085,-0.0228,0.9792,202.624,0.0,15.2879,414.1751,8.8309,0.9826,193.793,12.56
3052.44,2628.68,2231.6111,2005.8966,1.2969,100.0,93.7522,0.1234,1.42,0.007,-0.0077,0.978,201.8779,0.0,12.1624,418.9535,9.8493,0.9797,192.0286,12.5376
2972.0,2555.27,,,,,,,1.5319,0.0184,0.0038,0.9794,198.152,0.0,7.5099,407.5016,9.7142,0.978,188.4378,12.5688
2952.57,2552.65,2243.8556,2209.0871,2.1422,100.0,89.4944,0.1216,1.4411,0.0002,-0.0038,0.9622,202.6802,0.0,10.4021,410.6244,9.5996,0.9669,193.0806,12.4002
3031.01,2431.12,2168.7,895.5849,0.8484,100.0,108.0122,0.1241,1.4309,0.0088,-0.0239,0.9703,203.1959,0.0,10.2495,409.8055,10.0088,0.9753,193.1871,12.5951
3037.2,2456.06,2178.5889,1135.3544,0.8614,100.0,103.7022,0.1205,1.4224,-0.0042,-0.0021,0.9656,203.2144,0.0,4.4707,409.7776,9.4495,0.9677,193.7649,12.498
2882.22,2518.89,2254.8667,2347.9092,1.2986,100.0,87.8044,0.1205,1.46,0.0029,0.0133,0.9593,203.1566,0.0,5.3804,410.3064,10.0674,0.9715,193.0892,12.5273
3063.69,2382.18,2244.5,1830.2771,1.2287,100.0,90.0089,0.1207,1.3789,0.0343,-0.0019,0.9753,196.1369,0.0,5.7425,420.9445,9.7394,0.9794,186.3975,12.4716
2996.48,2495.58,2158.7,902.9779,1.3177,100.0,106.3611,0.1228,1.3395,-0.0261,-0.004,0.9603,203.8155,0.0,6.4094,425.836,9.9782,0.9728,193.8372,12.5167
2983.51,2522.77,2244.5,1830.2771,1.2287,100.0,90.0089,0.1207,1.3737,-0.022,0.0163,0.9628,195.6769,0.0,8.3368,416.9612,9.927,0.9691,185.7499,12.5224
3232.64,2512.14,2165.0333,926.8103,1.3455,100.0,102.1067,0.1239,1.4205,0.0001,0.0063,0.9748,198.9121,0.0,5.476,407.6407,9.8535,0.9788,189.0586,12.6122
3054.52,2499.04,2165.0333,926.8103,1.3455,100.0,102.1067,0.1239,1.5263,-0.0028,-0.0001,0.9745,198.7685,0.0,12.3463,424.278,10.001,0.9812,188.7675,12.6122
3035.18,2438.11,2185.1,1201.0491,0.7821,100.0,105.8489,0.1208,1.4102,0.0215,-0.0056,0.9808,197.0596,0.0,10.3451,426.2516,9.2072,0.9822,187.8524,12.5949
2965.73,2539.5,2228.9445,1502.7821,1.2895,100.0,100.6867,0.1235,1.4797,-0.0047,-0.0056,0.9702,198.8132,0.0,4.805,419.9878,10.0528,0.9751,188.7604,12.5167
3111.43,2528.73,2260.7333,1969.7867,1.2109,100.0,91.3367,0.1207,1.4144,0.0033,-0.0035,0.9825,197.2581,0.0,7.374,409.1487,9.5494,0.9799,187.7087,12.5949
3005.05,2510.26,2168.7,895.5849,0.8484,100.0,108.0122,0.1241,1.5366,0.0176,-0.0073,0.9601,203.2557,0.0,9.3399,403.723,9.9185,0.9676,193.3372,12.4845
3171.54,2435.85,2168.7,895.5849,0.8484,100.0,108.0122,0.1241,1.3981,-0.0351,-0.0096,0.9426,203.9833,0.0,7.2911,419.3995,9.4268,0.9548,194.5565,12.499
2990.36,2563.28,2209.9555,2325.1727,2.1685,100.0,85.7689,0.1222,1.4377,-0.0125,-0.0199,0.9564,203.5814,0.0,8.5868,406.2107,9.9883,0.9653,193.5931,12.499
3023.37,2574.38,2179.1111,1305.8262,0.8117,100.0,103.5033,0.1203,1.4868,0.0005,0.0038,0.9771,197.5623,0.0,10.5868,419.4208,9.4689,0.9783,188.0934,12.5651
3254.32,2397.74,2175.1222,1004.5029,1.2964,100.0,105.9689,0.1249,1.44,0.0108,0.0029,0.9694,205.856,0.0,11.0311,417.7755,10.4062,0.9783,195.4498,12.4804
3026.07,2449.84,2170.7444,1128.0791,1.3753,100.0,104.2989,0.1246,1.5905,-0.0142,-0.01,0.9566,205.0802,0.0,14.3905,419.9709,10.4256,0.9708,194.6546,12.5008
2932.1,2365.17,2228.9445,1502.7821,1.2895,100.0,100.6867,0.1235,1.3561,0.0014,-0.0073,0.9531,199.9792,0.0,11.7502,419.8425,10.0534,0.9626,189.9259,12.4727
3035.89,2412.64,2243.8556,2209.0871,2.1422,100.0,89.4944,0.1216,1.4033,0.0232,-0.0035,0.9763,193.9097,0.0,7.1146,430.2423,9.3572,0.9793,184.5526,12.58
3098.02,2401.5,2244.5,1830.2771,1.2287,100.0,90.0089,0.1207,1.3625,-0.0015,0.0163,0.9671,196.9877,0.0,4.2312,396.6128,9.9131,0.973,187.0746,12.498
2982.89,2558.88,2182.0222,939.3851,1.3267,100.0,103.1978,0.1207,1.5535,-0.0061,-0.0117,0.9696,198.5135,0.0,8.9453,404.9665,9.6905,0.9748,188.823,12.5167
3094.57,2492.72,2188.5111,940.2228,0.8673,100.0,105.8678,0.1232,1.408,-0.0138,0.0043,0.9782,196.2825,0.0,9.9332,410.655,10.0512,0.9809,186.2314,12.6122
3023.95,2462.09,2175.1222,1004.5029,1.2964,100.0,105.9689,0.1249,1.5892,-0.0212,0.0061,0.98,198.4532,0.0,10.6475,419.4934,10.0242,0.9794,188.429,12.4804
3065.48,2539.61,2175.1222,1004.5029,1.2964,100.0,105.9689,0.1249,1.511,0.0011,-0.0016,0.9635,204.6752,0.0,12.6469,424.8744,10.1421,0.9709,194.5331,12.5222
3020.29,2452.1,2241.1778,1521.1987,1.3349,100.0,98.59,0.1217,1.3435,0.0071,-0.0019,0.9695,197.4736,0.0,6.7308,413.6212,10.0931,0.9703,187.3806,12.4845
3010.75,2523.21,2175.1222,1004.5029,1.2964,100.0,105.9689,0.1249,1.4053,-0.0151,0.001,0.9793,196.0012,0.0,12.2128,409.837,9.9672,0.9796,186.034,12.5145
3070.94,2502.42,2170.7444,1128.0791,1.3753,100.0,104.2989,0.1246,1.4812,-0.0155,-0.0058,0.9574,204.457,0.0,6.9208,412.633,9.0209,0.965,195.4362,12.5224
3003.05,2508.94,2228.9445,1502.7821,1.2895,100.0,100.6867,0.1235,1.476,-0.0175,-0.0084,0.977,202.7198,0.0,13.4644,414.4917,9.5239,0.9794,193.1959,12.5651
2829.84,2595.7,2168.7,895.5849,0.8484,100.0,108.0122,0.1241,1.3548,-0.0061,0.0015,0.9728,199.0364,0.0,10.5715,420.5614,10.0367,0.9729,188.9997,12.5341
3169.93,2618.12,2183.0556,1257.1118,0.9762,100.0,102.9956,0.1231,1.4476,0.0023,0.0014,0.9727,198.7189,0.0,7.0178,406.2931,9.9259,0.9772,188.7929,12.4716
3044.34,2585.92,2241.1778,1521.1987,1.3349,100.0,98.59,0.1217,1.4306,-0.0163,-0.0253,0.9738,205.0361,0.0,10.9725,422.389,9.5122,0.9728,195.5239,12.6122
3025.07,2391.87,2182.6222,1209.5092,0.8975,100.0,104.6689,0.1226,1.3644,0.0237,-0.0174,0.971,200.5842,0.0,9.8505,403.1653,9.7848,0.9758,190.7994,12.5051
3195.57,2464.45,2215.0222,1548.9419,1.2557,100.0,96.79,0.1225,1.5459,-0.0368,-0.0002,0.9718,204.8871,0.0,6.2737,401.9403,10.1442,0.9791,194.7429,12.5004
2939.73,2546.74,2175.2556,1022.166,1.2833,100.0,100.6222,0.125,1.5106,-0.0165,0.0063,0.973,204.6436,0.0,10.559,419.3467,9.6913,0.9793,194.9523,12.5004
3097.21,2418.41,2213.3444,1731.1527,2.1197,100.0,96.1589,0.122,1.5289,-0.0273,-0.0003,0.9733,204.6137,0.0,6.6969,423.6067,9.8912,0.9769,194.7225,12.5145
2960.58,2453.34,2175.2556,1022.166,1.2833,100.0,100.6222,0.125,1.5712,-0.0119,0.006,0.9609,204.9414,0.0,11.8815,420.0767,9.6353,0.9718,195.3061,12.4845
2923.36,2503.52,2186.9,936.4327,1.3493,100.0,104.3367,0.1206,1.4055,0.0244,-0.0074,0.979,198.9324,0.0,9.9463,422.6789,9.1145,0.9741,189.8179,12.4431
2953.29,2496.32,2215.0222,1548.9419,1.2557,100.0,96.79,0.1225,1.4382,-0.0182,0.0032,0.9733,203.5287,0.0,10.4523,424.2428,9.7087,0.9795,193.8201,12.4804
3093.46,2479.17,2221.3667,2490.6947,1.2667,100.0,88.6578,0.122,1.3537,0.0134,-0.0039,0.9718,199.2506,0.0,5.5837,406.0665,9.4716,0.9719,189.779,12.5273
2997.33,2472.6,2221.5667,1593.3485,1.917,100.0,100.7456,0.1227,1.3929,-0.0004,0.0059,0.9643,205.7972,0.0,12.0703,420.798,9.4971,0.9639,196.3002,12.5118
3093.16,2631.92,2260.2222,1602.2369,1.21,100.0,97.1467,0.1196,1.4146,-0.026,-0.0004,0.9693,200.4882,0.0,9.9116,416.1479,9.3176,0.9729,191.1706,12.5008
2958.48,2611.65,2188.5111,940.2228,0.8673,100.0,105.8678,0.1232,1.4925,0.0483,-0.002,0.9789,199.0733,0.0,7.2375,401.3337,9.5651,0.979,189.5082,12.5996
3299.4,2490.63,2226.5444,1299.0694,1.9946,100.0,98.5244,0.1217,1.4634,-0.0005,-0.0077,0.9624,202.5858,0.0,5.5547,420.3678,9.9533,0.9658,192.6324,12.4357
2904.26,2500.85,2231.9555,1943.0435,1.2758,100.0,96.8789,0.1224,1.6105,-0.0184,0.0023,0.9759,199.5993,0.0,11.1564,404.6389,11.2656,0.9801,188.3338,12.5743
3049.97,2441.12,2263.3222,1383.8334,2.3986,100.0,85.1778,0.1196,1.3792,0.0054,0.0039,0.9579,202.9645,0.0,11.3561,423.8658,9.6391,0.9699,193.3254,12.5484
2935.84,2549.21,2241.1778,1521.1987,1.3349,100.0,98.59,0.1217,1.3406,0.0006,-0.0039,0.9718,198.9162,0.0,8.5275,417.3765,9.3653,0.9723,189.5509,12.5273
3045.88,2603.92,2243.8556,2209.0871,2.1422,100.0,89.4944,0.1216,1.3928,0.0361,-0.0141,0.9678,202.7513,0.0,9.6825,399.313,9.5954,0.9709,193.1559,12.4059
3200.74,2534.16,2244.9778,2208.4483,1.9074,100.0,87.2789,0.1217,1.4304,0.0214,0.0105,0.972,199.1069,0.0,5.0037,419.6754,8.8323,0.9723,190.2745,12.4727
3216.05,2257.95,2228.9445,1502.7821,1.2895,100.0,100.6867,0.1235,1.3791,-0.0304,-0.0077,0.9606,203.4136,0.0,5.5609,400.6931,10.5396,0.9748,192.874,12.5108
3105.06,2266.0,2241.1778,1521.1987,1.3349,100.0,98.59,0.1217,1.5016,-0.0011,-0.0014,0.9697,199.2147,0.0,6.3515,401.1697,9.7225,0.9749,189.4922,12.5341
2890.83,2474.9,2172.1111,999.5716,1.2689,100.0,103.3633,0.125,1.3253,-0.0167,-0.0085,0.9704,204.4453,0.0,6.7656,416.4221,10.154,0.9781,194.2914,12.4992
2973.08,2514.52,2222.0111,1229.4964,0.7647,100.0,105.2711,0.1183,1.4462,-0.0354,-0.0029,0.9712,201.0412,0.0,8.695,407.4585,9.9833,0.9779,191.0579,12.5967
2952.23,2485.73,2260.2222,1602.2369,1.21,100.0,97.1467,0.1196,1.4359,-0.0068,0.0058,0.9639,199.8185,0.0,8.349,419.0886,9.4999,0.9747,190.3186,12.5008
3036.32,2449.59,2232.0778,1606.3548,2.1498,100.0,98.0044,0.1214,1.5517,-0.023,-0.0026,0.9746,202.2985,0.0,7.0566,424.4824,9.2648,0.9766,193.0337,12.6106
2942.64,2567.33,2231.9555,1943.0435,1.2758,100.0,96.8789,0.1224,1.5755,-0.0072,0.0087,0.9773,202.7579,0.0,9.0718,405.2983,9.6848,0.9803,193.0731,12.5661
3050.71,2512.44,2170.7444,1128.0791,1.3753,100.0,104.2989,0.1246,1.5323,0.0133,0.0066,0.9774,199.6143,0.0,7.4262,413.3553,9.4325,0.9772,190.1818,12.4804
3075.32,2491.07,2185.1,1201.0491,0.7821,100.0,105.8489,0.1208,1.4002,-0.0151,-0.0006,0.9738,202.9734,0.0,3.0143,399.1464,10.2629,0.9824,192.7104,12.5949
3030.56,2530.99,2183.0556,1257.1118,0.9762,100.0,102.9956,0.1231,1.3892,0.0023,0.0042,0.9746,196.9884,0.0,11.7415,412.1309,10.7734,0.9724,186.2151,12.5224
2972.06,2491.01,2218.7778,2080.6085,2.1254,100.0,91.0211,0.1229,1.3979,-0.0118,-0.0013,0.978,198.6026,0.0,7.3282,409.9346,9.7835,0.9775,188.8192,12.6037
3095.02,2501.26,2188.5111,940.2228,0.8673,100.0,105.8678,0.1232,1.5299,-0.01,-0.0007,0.9686,198.9937,0.0,10.4395,408.4718,9.3589,0.9694,189.6348,12.5118
2943.49,2462.85,2260.2222,1602.2369,1.21,100.0,97.1467,0.1196,1.5022,-0.0034,0.0118,0.9694,200.263,0.0,10.6023,422.2917,9.3108,0.9727,190.9522,12.5008
3002.15,2486.94,2218.7778,2080.6085,2.1254,100.0,91.0211,0.1229,1.4093,-0.001,-0.0045,0.9757,202.8415,0.0,6.8826,402.6675,9.6687,0.9748,193.1728,12.58
3051.88,2501.91,2239.7222,1604.7488,1.1871,100.0,96.91,0.1222,1.3993,0.0018,-0.0116,0.9718,199.0194,0.0,6.5293,423.0604,10.0536,0.9773,188.9658,12.5108
2979.97,2454.38,2227.9778,3619.7397,1.6656,100.0,87.22,0.1239,1.3523,-0.0015,-0.0012,0.975,193.7791,0.0,8.5395,419.2773,9.8322,0.9803,183.9469,12.5743
3024.75,2587.37,2269.2556,2023.4334,1.1215,100.0,91.64,0.1194,1.4088,0.0235,0.012,0.9703,198.6749,0.0,7.6627,402.9473,9.7599,0.9754,188.915,12.499
3025.09,2548.76,2209.9555,2325.1727,2.1685,100.0,85.7689,0.1222,1.4573,0.0294,-0.0042,0.9647,198.898,0.0,10.1078,405.9062,9.9584,0.972,188.9396,12.4992
3217.18,2572.85,2178.5889,1135.3544,0.8614,100.0,103.7022,0.1205,1.3846,0.0078,0.0097,0.9771,202.363,0.0,6.1632,401.6595,9.5217,0.9767,192.8413,12.5949
3093.05,2522.03,2170.7444,1128.0791,1.3753,100.0,104.2989,0.1246,1.3694,-0.0054,-0.0074,0.9777,197.8374,0.0,6.3935,404.8168,9.3538,0.9777,188.4835,12.6339
3021.25,2473.65,2221.3667,2490.6947,1.2667,100.0,88.6578,0.122,1.3728,0.0162,0.0033,0.9721,199.6103,0.0,6.9207,418.259,9.5211,0.9723,190.0892,12.5596
3037.63,2524.13,2194.9555,1108.2246,1.2476,100.0,102.2822,0.1202,1.3969,-0.0074,-0.0152,0.9813,198.3979,0.0,8.2379,417.0552,9.7887,0.9794,188.6092,12.5967
3070.43,2446.38,2255.5222,1763.0739,1.2226,100.0,101.5878,0.12,1.6122,-0.0171,0.0078,0.9596,202.8264,0.0,9.7019,410.8906,9.8648,0.9658,192.9616,12.3535
3201.05,2233.29,2172.8111,969.3436,1.2736,100.0,102.7367,0.1243,1.4741,-0.0142,-0.006,0.9738,199.5697,0.0,11.3688,416.3351,10.0701,0.9788,189.4997,12.5276
2924.32,2629.96,2172.8111,969.3436,1.2736,100.0,102.7367,0.1243,1.4989,-0.0041,0.0021,0.9651,200.2784,0.0,10.9096,418.6225,9.5304,0.9727,190.748,12.3841
3051.02,2565.73,2165.5333,994.3737,0.7992,100.0,102.9378,0.1247,1.5391,0.009,-0.0074,0.9652,202.983,0.0,9.3998,409.8249,9.8726,0.9691,193.1105,12.4124
3031.85,2439.42,2172.8111,969.3436,1.2736,100.0,102.7367,0.1243,1.4711,0.0033,-0.002,0.962,199.7102,0.0,9.6727,408.8252,10.0435,0.9703,189.6667,12.4694
3001.83,2545.77,2246.0666,1477.0365,1.8881,100.0,103.61,0.1207,1.4031,-0.005,-0.0012,0.9778,202.4487,0.0,10.8924,407.3328,10.1615,0.9826,192.2872,12.5294
3000.22,,2172.8111,969.3436,1.2736,100.0,102.7367,0.1243,1.467,-0.0134,-0.0103,0.973,199.7966,0.0,9.6812,407.7116,10.0331,0.9781,189.7635,12.5294
2952.88,2521.93,2243.8556,2209.0871,2.1422,100.0,89.4944,0.1216,1.3896,0.0021,-0.0012,0.9776,193.7496,0.0,6.1446,412.4672,9.4517,0.982,184.2979,12.58
2973.99,2574.34,2226.4667,1591.2235,2.1717,100.0,90.3111,0.1219,1.4844,-0.0288,-0.0029,0.9754,199.0663,0.0,8.9973,409.9231,10.5824,0.9829,188.4839,12.6082
2965.67,2553.64,2172.8111,969.3436,1.2736,100.0,102.7367,0.1243,1.4708,-0.0085,-0.001,0.9613,199.0087,0.0,9.4033,415.8924,10.1999,0.974,188.8088,12.4694
2947.5,,2173.4889,1145.797,0.9402,100.0,104.0556,0.1247,1.4192,0.0119,0.0016,0.9634,201.5355,0.0,9.689,410.8281,9.6093,0.9729,191.9263,12.4018
3075.05,2572.48,2173.4889,1145.797,0.9402,100.0,104.0556,0.1247,1.538,-0.0097,0.0012,0.9618,199.3306,0.0,10.8455,422.0696,9.9706,0.9723,189.36,12.4018
2975.8,2427.36,2191.8445,1093.0818,0.8725,100.0,101.4244,0.1229,1.41,0.0274,-0.004,0.9702,201.6803,0.0,9.9009,401.2163,9.8519,0.974,191.8284,12.5718
3071.13,2487.12,2199.6556,1140.3983,1.3369,100.0,103.0967,0.1227,1.4419,0.0029,-0.0062,0.9751,203.2594,0.0,12.7077,422.84,9.8188,0.9778,193.4406,12.5808
2957.77,2555.41,2199.6556,1140.3983,1.3369,100.0,103.0967,0.1227,1.4052,0.0079,-0.0173,0.9614,201.3864,0.0,11.0475,415.223,9.7901,0.9674,191.5963,12.6278
3057.45,2457.42,2173.4889,1145.797,0.9402,100.0,104.0556,0.1247,1.4827,0.0047,0.0145,0.9685,201.0664,0.0,8.6579,411.8199,9.714,0.976,191.3524,12.4647
2908.28,2502.09,2198.8556,1031.1917,1.3204,100.0,102.7622,0.1235,1.5361,0.006,-0.0001,0.9646,199.0472,0.0,4.4051,411.0769,9.0454,0.968,190.0018,12.5847
2979.32,2493.34,2226.4667,1591.2235,2.1717,100.0,90.3111,0.1219,1.3401,0.0182,-0.0085,0.9738,198.8296,0.0,6.4183,415.9092,10.0077,0.9786,188.8219,12.6149
3045.98,2544.85,2253.3444,1873.8678,1.1691,100.0,94.9722,0.121,1.4752,0.0084,0.0009,0.9693,199.1514,0.0,7.9279,417.7075,9.248,0.9716,189.9033,12.5847
3151.98,2563.75,2175.2556,1022.166,1.2833,100.0,100.6222,0.125,1.4536,-0.011,-0.0035,0.9529,196.3828,0.0,6.1055,418.3141,9.8614,0.9665,186.5214,12.499
3071.18,2489.86,2195.3,1151.8233,0.922,100.0,103.5467,0.1232,1.4826,0.0136,0.0009,0.9748,198.6133,0.0,9.4857,420.5403,10.2239,0.9813,188.3894,12.5218
2958.46,2523.78,2171.8556,1156.6018,1.4025,100.0,100.1367,0.1243,1.4645,0.0001,0.0067,0.9602,203.1676,0.0,5.9659,423.0524,9.2754,0.9669,193.8922,12.6278
3196.21,2413.39,2255.5222,1763.0739,1.2226,100.0,101.5878,0.12,1.4845,-0.0037,0.0049,0.9683,199.1038,0.0,8.4018,409.0294,9.5497,0.9735,189.5541,12.6278
3005.64,2522.4,2173.4889,1145.797,0.9402,100.0,104.0556,0.1247,1.4441,-0.0021,0.0095,0.9663,203.4856,0.0,5.0482,398.1175,10.0642,0.9701,193.4214,12.6198
3016.93,2547.2,2173.4889,1145.797,0.9402,100.0,104.0556,0.1247,1.4827,-0.0238,0.0059,0.9669,197.6899,0.0,4.9494,401.8828,9.9762,0.9718,187.7138,12.4614
3013.73,2567.76,2172.8111,969.3436,1.2736,100.0,102.7367,0.1243,1.4889,-0.0076,-0.0017,0.9627,201.0024,0.0,6.5794,407.0762,9.0037,0.9671,191.9988,12.4694
3060.0,2571.41,2199.6556,1140.3983,1.3369,100.0,103.0967,0.1227,1.43,0.0129,-0.0088,0.9594,202.5304,0.0,10.2424,420.4031,9.8275,0.9658,192.7029,12.6198
2937.77,2532.3,2198.8556,1031.1917,1.3204,100.0,102.7622,0.1235,1.4294,0.0138,0.0052,0.9607,198.813,0.0,7.6207,414.7289,10.0554,0.9694,188.7576,12.5847
2976.56,2506.21,2255.5222,1763.0739,1.2226,100.0,101.5878,0.12,1.4956,-0.006,0.0038,0.9751,203.3227,0.0,6.0322,419.1147,10.0079,0.9781,193.3148,12.5276
2871.62,2530.11,2175.2556,1022.166,1.2833,100.0,100.6222,0.125,1.4679,-0.0033,-0.0022,0.963,204.4147,0.0,6.8612,418.7384,10.4049,0.9752,194.0098,12.4845
3181.59,2512.77,2171.8556,1156.6018,1.4025,100.0,100.1367,0.1243,1.4496,0.0022,0.0008,0.9544,202.1452,0.0,9.1265,412.6262,9.9153,0.9685,192.2299,12.4694
3028.5,2486.53,2236.1111,1546.5931,2.03,100.0,90.4233,0.1224,1.4051,-0.0204,0.0007,0.9639,198.1554,0.0,8.9074,401.3528,9.9038,0.9712,188.2516,12.6278
3011.82,2446.49,2164.3666,958.7313,1.3409,100.0,104.1344,0.1248,1.4018,-0.0187,0.0009,0.9607,199.5437,0.0,12.4204,412.72,9.9515,0.9685,189.5922,12.4018
3022.33,2357.09,2221.3667,2490.6947,1.2667,100.0,88.6578,0.122,1.3439,0.0055,0.0,0.9786,198.8501,0.0,5.8585,400.4448,9.7233,0.9814,189.1268,12.5027
2929.54,2501.54,2173.2778,1116.295,0.8525,100.0,103.82,0.1237,1.4115,-0.0318,0.0,0.9665,201.0047,0.0,4.7431,396.5091,10.0501,0.9713,190.9546,12.3535
3118.54,2519.92,2201.6333,1554.3362,2.1917,100.0,97.3978,0.1233,1.5492,0.0102,-0.0056,0.9728,197.5059,0.0,6.4474,400.173,10.4739,0.9795,187.0321,12.4933
2916.18,2514.38,2167.0889,1253.214,1.3679,100.0,101.6667,0.1243,1.463,-0.0293,-0.0005,0.9757,201.9162,0.0,6.5963,403.0856,9.9142,0.9779,192.0019,12.5808
2995.33,2405.19,2199.6556,1140.3983,1.3369,100.0,103.0967,0.1227,1.3823,0.0079,0.0102,0.9797,198.9791,0.0,5.7562,408.9995,9.6661,0.9819,189.313,12.6149
3185.69,2537.68,2173.2778,1116.295,0.8525,100.0,103.82,0.1237,1.4653,-0.0204,0.0038,0.9772,202.6309,0.0,5.5141,409.5385,9.9374,0.9791,192.6935,12.5276
2971.64,2525.84,2236.1111,1546.5931,2.03,100.0,90.4233,0.1224,1.3453,-0.0072,-0.0082,0.9725,198.3725,0.0,10.9736,400.222,9.9426,0.977,188.4299,12.6149
2958.99,2459.56,2191.8445,1093.0818,0.8725,100.0,101.4244,0.1229,1.4346,0.0062,-0.0107,0.9696,202.1511,0.0,9.0629,396.9192,9.6623,0.9698,192.4888,12.6278
3028.08,2525.56,2173.2778,1116.295,0.8525,100.0,103.82,0.1237,1.3697,-0.0085,-0.0114,0.9694,198.7938,0.0,11.7457,410.9405,9.4578,0.971,189.336,12.5967
2988.41,2598.77,2173.2778,1116.295,0.8525,100.0,103.82,0.1237,1.3858,-0.0053,0.0054,0.9668,202.0977,0.0,9.8935,401.2945,9.4463,0.9671,192.6515,12.4729
2970.86,2510.19,2236.1111,1546.5931,2.03,100.0,90.4233,0.1224,1.3582,-0.0364,0.0032,0.9628,199.4587,0.0,9.8188,404.3574,9.9355,0.9701,189.5231,12.5967
2914.04,2487.1,2238.1444,1580.6951,1.0062,100.0,91.0489,0.123,1.4778,0.0095,0.0016,0.9641,201.5556,0.0,5.9385,399.996,9.9364,0.9693,191.6192,12.4647
2889.78,2434.42,2211.4,1511.7842,1.3004,100.0,97.47,0.1237,1.4596,-0.0016,0.0284,0.9686,198.087,0.0,6.8766,412.5097,9.8516,0.973,188.2354,12.3535
3133.75,2673.38,2173.2778,1116.295,0.8525,100.0,103.82,0.1237,1.3956,-0.0075,0.0079,0.9646,202.5238,0.0,5.7745,410.7145,10.086,0.9699,192.4377,12.4455
3190.78,2424.11,2191.2111,1437.5003,2.2073,100.0,97.6444,0.1235,1.3873,-0.0135,-0.0086,0.9758,199.4115,0.0,6.7134,418.758,10.0656,0.9769,189.3459,12.4933
2953.63,2384.04,2191.2111,1437.5003,2.2073,100.0,97.6444,0.1235,1.3584,-0.0024,-0.0048,0.9752,199.4944,0.0,6.7114,419.9051,10.0426,0.9767,189.4517,12.4933
3182.87,2467.44,2162.1333,998.9095,0.8826,100.0,104.9722,0.1246,1.4248,0.0101,-0.0009,0.9773,201.8366,0.0,12.3771,412.0583,9.4151,0.9777,192.4215,12.6122
2982.67,2541.55,2173.4889,1145.797,0.9402,100.0,104.0556,0.1247,1.3762,-0.0206,-0.0104,0.9792,197.9422,0.0,9.0685,397.0925,9.5181,0.9787,188.4241,12.5718
2983.73,2459.87,2162.1333,998.9095,0.8826,100.0,104.9722,0.1246,1.3897,-0.0091,-0.0024,0.9635,202.3476,0.0,5.7019,420.2199,9.9792,0.97,192.3685,12.498
3110.08,2507.57,2208.9778,1285.2144,2.421,100.0,97.84,0.1238,1.3857,-0.0088,-0.0032,0.9618,198.9654,0.0,5.8801,411.6597,10.308,0.9732,188.6574,12.5204
3028.4,2485.82,2173.4889,1145.797,0.9402,100.0,104.0556,0.1247,1.3089,0.0016,-0.0123,0.9774,197.7262,0.0,9.9245,403.3962,9.9392,0.9794,187.787,12.5276
2987.39,2548.79,2173.2778,1116.295,0.8525,100.0,103.82,0.1237,1.4352,-0.0113,-0.0282,0.9645,203.0811,0.0,4.9651,398.8057,9.9967,0.9701,193.0844,12.3535
3225.54,2500.38,2211.4,1511.7842,1.3004,100.0,97.47,0.1237,1.3671,-0.0197,0.0056,0.9638,197.6525,0.0,11.9039,404.9175,9.9475,0.9707,187.7049,12.4018
3033.78,2412.91,2226.4667,1591.2235,2.1717,100.0,90.3111,0.1219,1.5132,-0.0217,0.008,0.9773,197.4805,0.0,9.4057,401.848,9.5119,0.9768,187.9686,12.5718
3036.15,2477.25,2208.9778,1285.2144,2.421,100.0,97.84,0.1238,1.4953,-0.027,0.0033,0.9684,195.9529,0.0,10.3421,411.839,9.5345,0.9752,186.4184,12.4276
3062.36,2396.64,2173.2778,1116.295,0.8525,100.0,103.82,0.1237,1.4028,-0.0108,-0.0033,0.9679,199.123,0.0,5.4697,402.7866,10.1365,0.9695,188.9865,12.4647
3024.55,2423.98,2255.5222,1763.0739,1.2226,100.0,101.5878,0.12,1.5666,-0.0115,0.0084,0.9653,202.5108,0.0,4.7099,389.4671,9.7392,0.9676,192.7716,12.4694
2831.18,2579.49,2200.1222,1478.2288,2.2079,100.0,97.7778,0.1233,1.503,-0.0061,0.0009,0.9761,197.8782,0.0,4.7662,409.3016,10.0658,0.9799,187.8124,12.5294
3043.08,2484.43,2209.8,1175.5508,1.1464,100.0,112.1367,0.1227,1.4639,-0.0123,-0.0173,0.9596,202.3047,0.0,7.9638,403.9927,9.8134,0.9676,192.4913,12.5004
3021.37,2523.94,2209.1,1244.9641,1.3724,100.0,107.3156,0.1238,1.4794,-0.0019,-0.0014,0.9559,198.2084,0.0,8.5854,403.8911,9.6667,0.9608,188.5417,12.4245
3040.17,2582.12,2209.8,1175.5508,1.1464,100.0,112.1367,0.1227,1.4732,-0.0175,-0.0096,0.9727,202.7681,0.0,10.333,406.8952,9.8427,0.9772,192.9254,12.5592
2999.28,2517.11,2209.1,1244.9641,1.3724,100.0,107.3156,0.1238,1.4711,0.0013,-0.002,0.9667,198.7356,0.0,10.7032,410.9834,9.738,0.9695,188.9975,12.5004
3092.74,2524.88,2209.8,1175.5508,1.1464,100.0,112.1367,0.1227,1.4204,-0.0059,-0.0125,0.9628,203.4661,0.0,8.2899,405.4749,9.7831,0.9697,193.683,12.5004
3750.670763065064,2465.32,2191.8445,1093.0818,0.8725,100.0,101.4244,0.1229,1.5456,-0.0108,0.0094,0.9594,202.7898,0.0,4.4773,418.7175,10.3182,0.9736,192.4716,12.499
2983.17,2488.94,2208.9778,1285.2144,2.421,100.0,97.84,0.1238,1.4617,0.0043,0.0098,0.9629,198.4959,0.0,7.2314,411.5534,10.2112,0.9706,188.2847,12.4455
3057.69,2464.86,2164.2667,711.0258,1.2884,100.0,129.2522,0.1252,1.3578,-0.0065,0.0004,0.973,197.8748,0.0,6.0626,415.4815,10.0453,0.9801,187.8295,12.5276
2961.37,2497.33,2203.1667,1312.9527,0.9448,100.0,96.3311,0.1227,1.5958,0.0112,0.0024,0.9618,199.0591,0.0,3.1045,406.7501,9.799,0.9688,189.2601,12.6278
2927.71,2525.39,2199.6556,1140.3983,1.3369,100.0,103.0967,0.1227,1.4052,-0.0157,-0.0095,0.9761,199.6863,0.0,5.2695,414.1132,9.9273,0.9798,189.759,12.5808
2865.0,2538.76,2197.2001,1710.278,2.2328,100.0,96.6233,0.1229,1.3943,0.0076,0.0259,0.9653,200.3689,0.0,7.3574,410.316,9.7594,0.9712,190.6095,12.5967
3050.96,2576.98,2206.7999,1415.2378,0.9778,100.0,97.3911,0.122,1.4544,0.0071,0.003,0.9641,200.2759,0.0,12.3758,419.3586,10.0759,0.9735,190.2,12.4357
2999.19,2429.47,2200.1222,1478.2288,2.2079,100.0,97.7778,0.1233,1.4915,-0.0176,0.0054,0.9621,197.7843,0.0,4.3205,404.0777,10.0493,0.9704,187.7349,12.7739
3040.48,2486.23,2191.6445,1215.849,1.6211,100.0,96.4644,0.1239,1.4133,0.0137,-0.0132,0.9731,199.1695,0.0,9.3792,413.1147,10.1402,0.9799,189.0293,12.5492
3007.39,2504.01,2209.8,1175.5508,1.1464,100.0,112.1367,0.1227,1.5456,-0.0051,0.0062,0.9664,202.6079,0.0,9.9345,407.3567,9.6269,0.9688,192.981,12.5004
3018.78,2520.88,2202.4556,1199.9759,2.5874,100.0,110.9933,0.1229,1.524,-0.0091,0.0064,0.9632,199.6372,0.0,11.0959,422.0823,10.1418,0.9742,189.4954,12.5004
2939.94,2485.47,2203.1667,1312.9527,0.9448,100.0,96.3311,0.1227,1.5036,0.0035,-0.0028,0.9634,200.2828,0.0,12.0825,413.7381,10.1755,0.9729,190.1073,12.6198
2971.13,2493.56,2202.4556,1199.9759,2.5874,100.0,110.9933,0.1229,1.4711,-0.0133,0.0001,0.9628,199.9373,0.0,9.9958,411.2799,10.2248,0.9742,189.7125,12.5004
2889.7,2583.05,2202.4556,1199.9759,2.5874,100.0,110.9933,0.1229,1.6147,-0.0057,0.0084,0.9603,199.9366,0.0,8.9403,406.3012,10.2047,0.9727,189.7319,12.5004
3202.9,2551.06,2203.1667,1312.9527,0.9448,100.0,96.3311,0.1227,1.5305,0.0141,0.0187,0.975,199.4729,0.0,4.227,411.7083,9.7734,0.9783,189.6994,12.6149
3154.54,2450.89,2203.1667,1312.9527,0.9448,100.0,96.3311,0.1227,1.3979,0.0187,0.0196,0.9756,199.9283,0.0,6.2035,411.8003,9.7715,0.9788,190.1568,12.7051
3020.7,2563.19,2164.2667,711.0258,1.2884,100.0,129.2522,0.1252,1.3571,-0.0165,-0.0007,0.9805,198.8838,0.0,7.741,423.9069,10.1475,0.9821,188.7363,12.6149
3089.26,2414.63,2209.8,1175.5508,1.1464,100.0,112.1367,0.1227,1.3557,0.0024,-0.005,0.9616,201.7637,0.0,8.2116,419.7051,9.7254,0.9693,192.0383,12.5847
2951.06,2503.18,2228.4778,1721.1108,1.4301,100.0,93.6222,0.1221,1.3841,-0.0264,0.0064,0.9674,198.8274,0.0,6.3494,415.5986,9.8259,0.9735,189.0015,12.5967
3006.75,2415.79,2206.7999,1415.2378,0.9778,100.0,97.3911,0.122,1.4477,0.0093,0.0079,0.9669,199.0776,0.0,6.2294,408.5143,9.7403,0.9726,189.3372,12.4694
3054.01,2537.39,2209.1,1244.9641,1.3724,100.0,107.3156,0.1238,1.5418,0.002,0.002,0.9762,197.9401,0.0,9.918,408.6845,9.6853,0.9768,188.2548,12.5492
2982.27,2449.21,2164.2667,711.0258,1.2884,100.0,129.2522,0.1252,1.3642,-0.0032,-0.0035,0.9622,202.6578,0.0,5.3617,410.6106,10.0607,0.9703,192.5971,12.4455
2851.68,2503.48,2162.1333,998.9095,0.8826,100.0,104.9722,0.1246,1.5095,0.0097,-0.0053,0.9728,199.3982,0.0,9.0636,412.9599,9.9111,0.9767,189.4871,12.4992
2870.13,2563.64,2209.1,1244.9641,1.3724,100.0,107.3156,0.1238,1.5761,-0.0022,-0.0069,0.9677,200.1536,0.0,6.9525,405.56,10.0076,0.9737,190.146,12.5439
3054.34,2473.14,2162.1333,998.9095,0.8826,100.0,104.9722,0.1246,1.3464,0.014,-0.0122,0.9681,199.9644,0.0,9.9062,418.3587,9.9217,0.973,190.0427,12.4992
2848.46,2588.74,2164.3666,958.7313,1.3409,100.0,104.1344,0.1248,1.5559,-0.0096,0.0028,0.978,198.5676,0.0,4.802,412.7689,10.1278,0.9781,188.4398,12.4716
3014.42,2440.56,2224.1889,997.7953,1112.16,100.0,86.1644,,1.4347,0.0006,0.0084,0.9625,200.0451,0.0,7.2846,411.8884,9.9855,0.9698,190.0595,12.4694
3011.77,2462.34,2211.4,1511.7842,1.3004,100.0,97.47,0.1237,1.3984,-0.0028,-0.0059,0.9669,197.7569,0.0,4.7356,397.101,9.953,0.9718,187.8039,12.3841
2941.26,2532.78,2209.1,1244.9641,1.3724,100.0,107.3156,0.1238,1.4745,-0.0132,0.0054,0.9697,203.4507,0.0,8.4701,408.6597,9.9879,0.9744,193.4628,12.5204
3045.07,2414.43,2203.1667,1312.9527,0.9448,100.0,96.3311,0.1227,1.4317,0.0082,0.0168,0.966,201.0823,0.0,13.0658,414.4153,9.4762,0.9675,191.6062,9.8773
3282.87,2419.55,2189.6778,1295.2883,2.1394,100.0,107.4811,0.1238,1.5675,-0.001,0.0099,0.9416,202.2826,0.0,7.8755,410.7484,9.6004,0.9482,192.6822,12.4245
3014.85,2453.45,2189.6778,1295.2883,2.1394,100.0,107.4811,0.1238,1.4214,0.007,0.0192,0.9718,200.8429,0.0,6.87,400.3847,9.975,0.976,190.8679,12.5204
2918.56,2568.55,2189.6778,1295.2883,2.1394,100.0,107.4811,0.1238,1.529,0.0014,0.0014,0.969,203.1072,0.0,10.2441,405.5495,9.6825,0.9696,193.4247,12.5237
2908.11,2535.93,2208.9,934.7558,1.9469,100.0,119.3544,0.1222,1.3636,0.0191,0.004,0.9731,198.5354,0.0,11.1285,408.5619,10.1229,0.98,188.4124,12.6145
2986.79,2527.32,2189.6778,1295.2883,2.1394,100.0,107.4811,0.1238,1.4418,0.0076,0.0123,0.9683,202.2717,0.0,12.2063,416.2901,9.6721,0.9693,192.5996,12.5243
3339.93,2839.46,2189.6778,1295.2883,2.1394,100.0,107.4811,0.1238,1.5029,-0.0036,0.0052,0.9637,203.6226,0.0,8.869,419.6149,9.6372,0.9659,193.9854,12.4455
3038.53,2474.55,2205.2555,1412.7131,0.9785,100.0,95.2556,0.1216,1.4245,0.0021,0.0018,0.9672,196.3934,0.0,8.6325,423.931,9.9104,0.9732,186.483,9.8773
2942.21,2459.02,2210.8556,1665.0062,2.4475,100.0,97.1056,0.1227,1.5257,-0.0009,0.0039,0.9735,203.3852,0.0,8.0673,408.5924,9.5209,0.9749,193.8643,12.5039
2974.65,2545.4,2210.8556,1665.0062,2.4475,100.0,97.1056,0.1227,1.5986,-0.0048,-0.0027,0.9484,202.459,0.0,8.5997,404.9947,9.5597,0.9539,192.8993,12.4361
2992.34,2512.63,2236.1111,1546.5931,2.03,100.0,90.4233,0.1224,1.4564,-0.0182,-0.0095,0.9574,202.4944,0.0,10.4259,416.1481,10.2424,0.9706,192.2521,12.6278
3212.7,2472.92,2210.8556,1665.0062,2.4475,100.0,97.1056,0.1227,1.5757,-0.0037,0.0039,0.9741,202.928,0.0,9.4855,420.1899,9.5272,0.9753,193.4008,12.5039
2912.24,2438.17,2203.1667,1312.9527,0.9448,100.0,96.3311,0.1227,1.4656,0.004,-0.0064,0.9647,199.7777,0.0,3.5814,405.4611,9.8327,0.9713,189.945,9.8773
2990.66,2535.43,2213.2889,1346.8352,1112.0769,100.0,85.45,,1.4959,0.0007,-0.0135,0.9656,200.4503,0.0,8.027,415.2904,9.9442,0.9723,190.5062,12.4839
2907.65,2516.34,2208.9,934.7558,1.9469,100.0,119.3544,0.1222,1.6193,-0.0127,-0.0164,0.9558,201.5794,0.0,7.9645,409.0983,10.2286,0.9695,191.3508,12.4455
2965.41,2577.39,2210.8556,1665.0062,2.4475,100.0,97.1056,0.1227,1.548,0.0007,0.0039,0.9717,195.9429,0.0,8.7587,415.8832,9.8053,0.976,186.1376,12.7051
3023.56,2555.88,2205.2555,1412.7131,0.9785,100.0,95.2556,0.1216,1.5407,-0.0073,0.0108,0.9465,196.7655,0.0,8.5741,415.5115,9.743,0.9578,187.0225,12.4361
3224.1,2410.53,2208.9778,1285.2144,2.421,100.0,97.84,0.1238,1.4115,0.0062,-0.0007,0.9571,197.0336,0.0,5.8563,421.1243,10.1587,0.9657,186.8749,12.6149
3193.53,2587.86,2162.1333,998.9095,0.8826,100.0,104.9722,0.1246,1.461,-0.0154,-0.005,0.9746,202.4111,0.0,5.6064,412.9307,9.9604,0.978,192.4507,12.5294
3033.52,2461.08,2203.1667,1312.9527,0.9448,100.0,96.3311,0.1227,1.4323,0.0145,-0.0137,0.9673,199.0742,0.0,8.0052,406.5169,9.9738,0.97,189.1004,12.5204
3188.42,2565.93,2208.9,934.7558,1.9469,100.0,119.3544,0.1222,1.4984,0.0163,0.0191,0.9655,201.6518,0.0,13.1133,419.4913,9.6309,0.9669,192.0209,12.4614
3177.96,2369.84,2162.1333,998.9095,0.8826,100.0,104.9722,0.1246,1.3719,0.0048,0.0089,0.9753,200.9239,0.0,6.0388,410.3935,9.8665,0.9786,191.0574,12.5276
3266.55,2425.3,2211.4,1511.7842,1.3004,100.0,97.47,0.1237,1.4321,-0.0076,-0.0123,0.9697,193.2403,0.0,9.4381,409.1402,9.7386,0.9739,183.5017,12.3841
2996.01,2541.13,2205.2555,1412.7131,0.9785,100.0,95.2556,0.1216,1.5507,-0.0077,0.004,0.9726,195.2737,0.0,8.8862,412.0421,9.7499,0.9767,185.5238,12.5492
3001.56,2506.62,2223.0444,1194.5986,1.2016,100.0,112.5811,0.1229,1.4004,-0.0079,-0.0075,0.9675,200.0484,0.0,9.5368,420.4215,9.9325,0.9731,190.1158,9.8773
3045.48,2408.85,2223.0444,1194.5986,1.2016,100.0,112.5811,0.1229,1.3838,-0.0125,0.0073,0.9726,198.9455,0.0,8.3054,412.2097,9.9632,0.9773,188.9823,12.5204
2971.75,2566.3,2206.4,982.5452,1.1853,100.0,116.8167,0.1228,1.584,-0.0058,0.0065,0.9763,199.6054,0.0,9.9972,420.8836,9.8721,0.9796,189.7334,12.5039
2983.98,2744.54,2212.3,1807.5841,0.9816,100.0,92.37,0.1212,1.3909,-0.0132,0.0099,0.9782,199.0477,0.0,10.5207,421.4226,10.0036,0.9812,189.0441,12.5294
3039.64,2529.79,2223.0444,1194.5986,1.2016,100.0,112.5811,0.1229,1.5576,-0.0098,0.0105,0.9772,203.5591,0.0,8.7182,414.2112,9.8497,0.9771,193.7094,12.5165
2908.47,2551.78,2223.0444,1194.5986,1.2016,100.0,112.5811,0.1229,1.5714,0.0076,0.0196,0.9777,198.2412,0.0,6.7802,404.753,9.7751,0.9789,188.466,12.5722
2915.54,2496.52,2210.8556,1665.0062,2.4475,100.0,97.1056,0.1227,1.5656,-0.0027,0.0092,0.9771,203.0203,0.0,9.9235,419.7956,9.8216,0.9772,193.1988,12.5039
2997.45,2555.01,2206.4,982.5452,1.1853,100.0,116.8167,0.1228,1.4319,0.0043,0.0123,0.977,198.6422,0.0,8.9192,417.5505,10.055,0.9801,188.5872,12.6012
2990.85,2472.74,2223.0444,1194.5986,1.2016,100.0,112.5811,0.1229,1.3533,0.0013,0.0064,0.9612,201.9929,0.0,7.7739,401.5005,9.642,0.9712,192.3509,12.4276
3029.98,2532.34,2206.4,982.5452,1.1853,100.0,116.8167,0.1228,1.5139,-0.0127,0.0007,0.966,202.5718,0.0,7.9824,408.366,9.6658,0.9684,192.906,12.5439
3033.51,2556.35,2207.9555,1283.4368,1.8467,100.0,95.4022,0.1216,1.512,-0.0124,0.009,0.9561,201.0549,0.0,7.7847,405.2342,9.6481,0.9678,191.4068,12.2747
3034.5,2406.11,2183.5889,1108.6491,1.3963,100.0,104.0856,0.1233,1.5171,-0.0292,-0.0071,0.9723,199.9541,0.0,8.5012,411.1901,10.0882,0.9781,189.8659,12.4804
3058.46,2467.73,2228.4778,1721.1108,1.4301,100.0,93.6222,0.1221,1.4854,0.007,0.0019,0.9742,197.3004,0.0,8.8398,408.1066,10.0823,0.9803,187.218,12.5294
2964.69,2474.97,2212.3,1807.5841,0.9816,100.0,92.37,0.1212,1.4424,-0.0242,0.005,0.9776,198.9222,0.0,7.7344,405.8248,9.7899,0.9789,189.1323,12.5492
2909.43,2534.49,2223.0444,1194.5986,1.2016,100.0,112.5811,0.1229,1.3702,-0.0118,0.0067,0.9747,201.0915,0.0,7.0063,408.4523,9.9994,0.9778,191.0921,12.5351
3014.42,2442.51,2212.3,1807.5841,0.9816,100.0,92.37,0.1212,1.4159,-0.0068,-0.0073,0.9711,202.1607,0.0,8.2841,416.767,9.4764,0.9743,192.6844,12.7051
2997.84,2449.85,2223.0444,1194.5986,1.2016,100.0,112.5811,0.1229,1.4931,-0.0106,0.0015,0.9737,203.4768,0.0,8.3756,412.8557,9.4928,0.9761,193.984,12.5039
2873.83,2540.17,2223.0444,1194.5986,1.2016,100.0,112.5811,0.1229,1.5267,-0.0067,-0.0034,0.9625,202.9662,0.0,8.3567,407.1025,9.4661,0.9681,193.5001,12.5439
3001.74,2446.55,2207.9555,1283.4368,1.8467,100.0,95.4022,0.1216,1.3997,0.0008,0.0043,0.9746,199.5133,0.0,12.2262,425.2795,9.8291,0.9782,189.6842,12.6012
3057.49,2584.52,2207.9555,1283.4368,1.8467,100.0,95.4022,0.1216,1.322,0.0145,0.0141,0.9543,199.4882,0.0,11.355,427.4985,9.7936,0.9636,189.6947,12.3808
2910.77,2529.9,2212.3,1807.5841,0.9816,100.0,92.37,0.1212,1.5021,-0.0108,-0.0032,0.9746,202.2554,0.0,8.4422,415.4115,9.7628,0.9751,192.4926,12.6012
2985.31,2584.24,2209.6667,1586.6088,1.6782,100.0,89.7222,0.1213,1.4753,-0.0038,0.009,0.9589,198.3968,0.0,11.4067,423.6798,9.8501,0.967,188.5466,12.2747
3020.62,2483.2,2206.4,982.5452,1.1853,100.0,116.8167,0.1228,1.3985,-0.0297,0.0005,0.9756,199.3555,0.0,7.4135,407.0664,9.7807,0.9766,189.5748,12.6012
3019.44,2494.33,2231.0555,1303.5386,0.9751,100.0,95.7878,0.1198,1.4001,-0.0156,0.0048,0.962,197.5841,0.0,9.8643,424.6367,9.8657,0.9689,187.7183,12.4363
3185.63,2386.26,2209.6667,1586.6088,1.6782,100.0,89.7222,0.1213,1.3601,-0.0077,0.017,0.9785,194.7158,0.0,8.4588,413.0881,9.2607,0.9783,185.4552,12.5078
3029.94,2517.44,2206.4,982.5452,1.1853,100.0,116.8167,0.1228,1.4148,-0.012,0.0022,0.9756,199.9404,0.0,13.5128,423.6629,9.882,0.9791,190.0585,12.5492
3117.3,2527.68,2212.3,1807.5841,0.9816,100.0,92.37,0.1212,1.3914,-0.0072,0.0,0.9637,201.9062,0.0,7.6071,411.367,9.7217,0.9668,192.1845,12.5439
3084.17,2451.85,2231.0555,1303.5386,0.9751,100.0,95.7878,0.1198,1.5337,-0.0281,0.0075,0.974,198.7341,0.0,7.4507,403.9663,10.1254,0.9778,188.6087,12.7051
3005.9,2534.68,2231.0555,1303.5386,0.9751,100.0,95.7878,0.1198,1.5664,-0.035,0.017,0.9585,198.9829,0.0,10.3404,424.4315,9.8089,0.9668,189.174,12.2747
3024.48,2538.13,2207.9555,1283.4368,1.8467,100.0,95.4022,0.1216,1.4288,-0.0063,0.0012,0.9595,199.2828,0.0,10.8438,424.9858,9.7882,0.968,189.4946,12.2937
2981.72,2580.44,2207.9555,1283.4368,1.8467,100.0,95.4022,0.1216,1.4458,-0.0108,0.0128,0.9665,194.0109,0.0,10.95,428.1874,9.2498,0.9686,184.7611,12.4363
3001.9,2465.51,2223.0444,1194.5986,1.2016,100.0,112.5811,0.1229,1.4201,-0.0182,0.0055,0.9767,203.265,0.0,10.2173,429.982,9.6149,0.9765,193.6501,12.5165
3016.46,2559.42,2167.0889,1253.214,1.3679,100.0,101.6667,0.1243,1.4093,-0.0041,0.0094,0.9612,203.3349,0.0,9.1535,411.7288,9.4295,0.9706,193.9053,12.5967
3163.86,2470.6,2211.4,1511.7842,1.3004,100.0,97.47,0.1237,1.4362,-0.0034,-0.007,0.9648,197.9805,0.0,10.3963,404.7285,9.9074,0.9696,188.0731,12.4694
2988.39,2493.72,2206.4,982.5452,1.1853,100.0,116.8167,0.1228,1.5279,-0.0094,0.0001,0.9672,199.9316,0.0,9.7716,423.2861,9.9888,0.9731,189.9429,12.4276
3013.32,2538.52,2231.0555,1303.5386,0.9751,100.0,95.7878,0.1198,1.3717,0.0059,0.0011,0.974,197.8315,0.0,11.8035,414.0166,10.233,0.9807,187.5985,12.5165
2886.03,2499.46,2231.0555,1303.5386,0.9751,100.0,95.7878,0.1198,1.4685,0.0057,-0.0007,0.9731,197.9636,0.0,12.1794,422.9974,10.237,0.9802,187.7266,12.6082
2916.12,2806.91,2231.0555,1303.5386,0.9751,100.0,95.7878,0.1198,1.4888,-0.0128,-0.0141,0.9685,203.5542,0.0,9.6107,409.2625,10.0962,0.9771,193.4579,12.4933
3103.67,2424.95,2209.4667,1556.393,1.4884,100.0,95.1156,0.1206,1.4022,-0.0058,-0.0039,0.9698,198.5998,0.0,11.2707,423.3311,9.9772,0.9748,188.6226,12.5237
3222.84,2508.03,2207.9555,1283.4368,1.8467,100.0,95.4022,0.1216,1.5111,-0.0106,0.0101,0.9742,203.0182,0.0,12.1227,427.7493,9.3448,0.9763,193.6734,12.6012
2979.93,2525.74,2206.9667,1314.6277,1.5512,100.0,97.17,0.1216,1.4441,-0.0129,0.0002,0.9604,198.4396,0.0,12.6161,418.624,10.1003,0.9724,188.3393,12.4363
2881.1,2493.03,2209.6667,1586.6088,1.6782,100.0,89.7222,0.1213,1.3663,-0.0091,-0.002,0.9629,201.8951,0.0,11.0992,410.8765,9.7642,0.965,192.131,12.2747
2945.78,2457.48,2209.4667,1556.393,1.4884,100.0,95.1156,0.1206,1.4386,-0.0125,-0.0015,0.9654,198.2898,0.0,7.3558,403.6575,10.1558,0.9724,188.1341,12.5439
2996.28,2581.64,2212.3,1807.5841,0.9816,100.0,92.37,0.1212,1.3058,-0.0097,0.0073,0.9627,203.8864,0.0,9.574,410.8258,10.0357,0.9737,193.8507,9.8773
3062.34,2594.52,2209.4667,1556.393,1.4884,100.0,95.1156,0.1206,1.4252,-0.0267,-0.0216,0.9534,199.9294,0.0,9.1992,408.996,9.9663,0.9638,189.9631,12.3808
3028.38,2494.43,2209.6667,1586.6088,1.6782,100.0,89.7222,0.1213,1.4509,0.0015,-0.0004,0.9608,203.9867,0.0,10.7281,420.4184,9.8396,0.9696,194.1471,12.5718
3017.35,2580.25,2223.0444,1194.5986,1.2016,100.0,112.5811,0.1229,1.4036,-0.0014,0.0015,0.9719,203.3489,0.0,12.3068,428.6881,9.5071,0.975,193.8418,12.5039
3013.79,2480.71,2206.4,982.5452,1.1853,100.0,116.8167,0.1228,1.4226,-0.0076,0.0293,0.971,199.9776,0.0,9.0024,415.7012,9.7029,0.9727,190.2747,12.5204
3043.32,2494.82,2206.4,982.5452,1.1853,100.0,116.8167,0.1228,1.4454,0.0071,0.0073,0.9695,203.7539,0.0,13.7125,427.6214,9.8211,0.975,193.9328,12.5039
3093.31,2456.82,2207.9555,1283.4368,1.8467,100.0,95.4022,0.1216,1.4198,-0.0156,-0.0043,0.9657,202.1185,0.0,7.8171,405.6275,9.996,0.9675,192.1225,12.3858
2862.69,2593.67,2206.9667,1314.6277,1.5512,100.0,97.17,0.1216,1.5915,-0.012,0.0085,0.9764,201.7593,0.0,8.8735,411.5415,9.7622,0.9767,191.9971,12.6012
3097.89,2583.01,2218.7333,1190.9639,1.7047,100.0,97.43,0.1202,1.2877,0.0243,0.0142,0.9539,199.9399,0.0,7.5147,403.1937,10.1775,0.964,189.7624,12.2747
2875.39,2499.15,2216.8333,1468.5974,1.7074,100.0,95.9856,0.1203,1.5369,-0.0287,-0.0216,0.9588,199.2319,0.0,7.5804,404.5785,10.2041,0.968,189.0278,12.2747
3060.16,2465.71,2207.1444,1109.3369,1.5555,100.0,97.5678,0.1216,1.5616,-0.0141,-0.0014,0.9672,198.3168,0.0,9.3787,418.0632,10.0392,0.9693,188.2777,12.3858
2975.87,2514.44,2206.4,982.5452,1.1853,100.0,116.8167,0.1228,1.3657,0.0273,0.0063,0.9698,202.8041,0.0,12.5764,427.5255,9.7946,0.9752,193.0095,12.5492
2955.82,2541.6,2231.0555,1303.5386,0.9751,100.0,95.7878,0.1198,1.3859,-0.0007,-0.0058,0.9677,202.1568,0.0,9.7073,412.933,9.8271,0.9738,192.3297,12.5492
2994.64,2484.71,2200.2111,1048.3108,1.6485,100.0,98.3222,0.1214,1.5552,-0.0031,0.0046,0.9659,196.7273,0.0,8.9739,421.8615,10.0222,0.9715,186.705,12.5214
3053.36,2538.38,2192.1889,1435.9611,2.387,100.0,107.3989,0.1229,1.4487,0.0014,-0.0063,0.9612,197.4772,0.0,9.8525,416.5609,10.022,0.9681,187.4552,12.3808
2871.59,2556.95,2217.0,1436.8313,1.6604,100.0,93.6611,0.1199,1.5903,-0.0062,-0.001,0.9627,202.3262,0.0,7.3023,410.8594,9.8415,0.9658,192.4847,12.5643
3001.71,2504.2,2210.7333,1368.706,2.2449,100.0,99.42,0.1228,1.5002,-0.0122,-0.011,0.9642,197.2249,0.0,10.1274,424.4892,9.9983,0.9701,187.2266,12.3858
3042.43,2442.6,2217.0,1436.8313,1.6604,100.0,93.6611,0.1199,1.4906,-0.0051,-0.0164,0.9639,200.7563,0.0,10.7568,418.7105,10.1612,0.9702,190.5951,12.5339
3001.81,2424.39,2217.0,1436.8313,1.6604,100.0,93.6611,0.1199,1.5521,-0.0085,-0.0152,0.9745,201.1214,0.0,9.0473,410.7263,9.942,0.9758,191.1794,12.5788
2915.71,2560.38,2196.1111,1472.64,1.5599,100.0,94.6522,0.1212,1.5083,0.0029,0.0058,0.967,195.877,0.0,8.8695,417.1163,9.9698,0.9723,185.9072,12.3858
3056.37,2477.75,2200.2111,1048.3108,1.6485,100.0,98.3222,0.1214,1.3692,-0.0105,-0.0109,0.9784,196.9059,0.0,10.2497,417.808,9.9844,0.9807,186.9215,12.5788
3015.36,2427.14,2217.5778,1283.3701,2.5361,100.0,104.9022,0.1222,1.4895,-0.0099,-0.0046,0.9512,202.4003,0.0,8.4395,413.5581,10.1401,0.9611,192.2602,12.5247
2981.04,2475.9,2215.8111,1389.3065,2.3183,100.0,98.45,0.1214,1.5033,0.0192,0.0027,0.9655,196.9798,0.0,10.1705,408.1355,9.7751,0.9709,187.2047,12.4363
2984.41,2550.88,2192.1889,1435.9611,2.387,100.0,107.3989,0.1229,1.5613,0.0005,0.0023,0.9691,197.404,0.0,9.5661,417.4961,9.8809,0.974,187.5231,12.5643
2852.18,2573.94,2216.8333,1468.5974,1.7074,100.0,95.9856,0.1203,1.4832,-0.0191,0.0016,0.9518,202.1214,0.0,8.7944,423.5053,9.4667,0.9599,192.6547,12.3808
2864.77,2521.49,2192.1889,1435.9611,2.387,100.0,107.3989,0.1229,1.5464,-0.0084,0.0048,0.9646,202.5402,0.0,9.1026,410.3231,9.8471,0.9678,192.6931,12.4363
3052.98,2515.51,2172.8111,969.3436,1.2736,100.0,102.7367,0.1243,1.4065,-0.0037,-0.0058,0.9729,199.7201,0.0,10.2017,406.7101,10.5278,0.9819,189.1922,12.5276
2870.76,2583.56,2192.1889,1435.9611,2.387,100.0,107.3989,0.1229,1.4719,-0.0003,-0.0006,0.9642,202.4753,0.0,8.5914,413.0594,9.8013,0.9672,192.674,12.5339
3014.77,2493.11,2210.7333,1368.706,2.2449,100.0,99.42,0.1228,1.601,0.0075,-0.0032,0.9604,202.3272,0.0,9.4151,417.2226,10.1539,0.9676,192.1733,12.2747
3027.72,2430.7,2192.1889,1435.9611,2.387,100.0,107.3989,0.1229,1.5697,-0.0122,-0.005,0.978,199.7469,0.0,9.6782,403.3723,9.7753,0.9804,189.9715,12.6241
2893.19,2498.09,2200.2111,1048.3108,1.6485,100.0,98.3222,0.1214,1.5471,0.0133,0.0095,0.9805,196.7414,0.0,12.5048,420.8858,9.8077,0.9822,186.9337,12.5284
3006.5,2516.64,2217.5778,1283.3701,2.5361,100.0,104.9022,0.1222,1.5715,-0.0159,-0.0037,0.9681,197.415,0.0,9.1002,409.4322,10.215,0.973,187.2,12.5718
3094.77,2454.33,2215.8111,1389.3065,2.3183,100.0,98.45,0.1214,1.5084,0.0112,-0.001,0.9633,202.7015,0.0,10.4754,418.8332,9.9653,0.967,192.7363,12.5718
2985.78,2460.97,2200.2111,1048.3108,1.6485,100.0,98.3222,0.1214,1.5242,-0.0006,0.0053,0.9659,195.7208,0.0,10.7293,423.5333,9.9943,0.9687,185.7265,12.5214
3171.42,2634.43,2217.0,1436.8313,1.6604,100.0,93.6611,0.1199,1.4193,0.0033,-0.0057,0.9694,201.3581,0.0,12.5159,414.3387,10.1472,0.9742,191.2109,9.8773
3068.47,2489.07,2200.2111,1048.3108,1.6485,100.0,98.3222,0.1214,1.4409,-0.0112,-0.0017,0.964,197.4388,0.0,10.0908,411.4976,10.1428,0.9701,187.2961,12.4363
3012.98,2403.89,2215.8111,1389.3065,2.3183,100.0,98.45,0.1214,1.568,0.0165,-0.0113,0.9684,199.4509,0.0,12.0923,411.7312,9.7373,0.9736,189.7136,12.4363
3060.55,2420.03,2217.0,1436.8313,1.6604,100.0,93.6611,0.1199,1.6162,-0.0063,-0.0108,0.9745,200.1262,0.0,11.4545,423.8405,9.992,0.9801,190.1342,12.5788
3025.46,2516.06,2195.9778,1388.2869,1.5605,100.0,103.24,0.1234,1.4298,0.0122,0.0176,0.9611,202.3064,0.0,13.0361,423.8394,9.6645,0.9681,192.6418,12.5292
2973.39,2528.67,2195.9778,1388.2869,1.5605,100.0,103.24,0.1234,1.3622,0.0387,-0.0202,0.9797,201.6194,0.0,11.4371,407.9663,9.6971,0.9817,191.9223,12.5284
3014.16,2384.1,2211.0667,1107.1227,1.5788,100.0,97.0089,0.1213,1.4425,-0.0291,-0.0025,0.9644,196.9962,0.0,12.9242,427.2639,9.7263,0.9706,187.2699,12.5643
3037.71,2441.77,2150.0556,1215.2183,1.4756,100.0,100.9744,0.1244,1.3987,0.0313,-0.0182,0.9426,182.094,0.0,10.8957,420.5301,9.9285,0.9549,172.1654,12.5292
2999.11,2419.25,2217.0,1436.8313,1.6604,100.0,93.6611,0.1199,1.4781,0.0002,-0.0062,0.9686,197.3447,0.0,8.4645,411.6398,9.6066,0.9706,187.7381,12.5339
2991.63,2599.93,2150.0556,1215.2183,1.4756,100.0,100.9744,0.1244,1.501,0.0259,-0.0228,0.9606,195.3137,0.0,14.1252,425.5294,9.911,0.9679,185.4027,12.3858
2958.3,2574.7,2200.2111,1048.3108,1.6485,100.0,98.3222,0.1214,1.444,0.0168,-0.0001,0.9688,199.3797,0.0,9.2942,409.8208,9.6437,0.971,189.736,12.4363
2998.88,2493.21,2195.9778,1388.2869,1.5605,100.0,103.24,0.1234,1.4066,-0.0094,-0.028,0.962,202.9538,0.0,13.3831,421.4825,10.4399,0.9736,192.5139,12.5339
2975.74,2517.35,2162.5556,1041.0369,1.4305,100.0,100.4111,0.1238,1.4968,-0.0201,-0.006,0.9596,202.025,0.0,7.5413,408.2715,9.3672,0.9675,192.6577,12.452
2939.57,2564.93,2205.5,1287.3538,2.3842,100.0,111.7644,0.1241,1.5823,0.0113,-0.0022,0.9675,202.3142,0.0,10.3149,419.4033,9.9468,0.9689,192.3674,12.5339
3095.53,2434.79,2211.0667,1107.1227,1.5788,100.0,97.0089,0.1213,1.4075,0.028,-0.0349,0.9732,201.193,0.0,11.272,429.2464,9.696,0.9767,191.497,12.5788
3073.26,2470.5,2150.0556,1215.2183,1.4756,100.0,100.9744,0.1244,1.3188,0.0422,-0.0189,0.9598,200.0614,0.0,8.891,403.8893,9.9982,0.9674,190.0632,12.5292
3077.47,2387.73,2180.8889,1084.7221,0.9085,100.0,94.2467,0.1226,1.3145,0.041,-0.0209,0.9653,200.4414,0.0,6.6311,403.6064,10.0797,0.9711,190.3617,12.5263
3169.0,2265.6,2187.9889,1096.379,0.9065,100.0,97.6567,0.1221,1.4109,-0.0239,-0.0121,0.9599,201.9371,0.0,8.5805,421.9984,9.5978,0.9648,192.3393,12.5263
2923.19,2516.4,2180.8889,1084.7221,0.9085,100.0,94.2467,0.1226,1.3137,0.0345,-0.0137,0.9613,200.346,0.0,8.1512,406.4545,9.9524,0.9682,190.3936,12.5263
3003.43,2448.34,2205.5,1287.3538,2.3842,100.0,111.7644,0.1241,1.4339,0.002,-0.0036,0.9775,195.2903,0.0,12.269,411.9367,10.641,0.9839,184.6493,12.5914
2953.63,2500.05,2195.9778,1388.2869,1.5605,100.0,103.24,0.1234,1.5177,0.0183,-0.0137,0.9637,192.9511,0.0,12.3279,426.8471,9.9859,0.9705,182.9653,12.5643
3034.74,2458.9,2192.1889,1435.9611,2.387,100.0,107.3989,0.1229,1.5447,0.0036,-0.0125,0.9757,201.9267,0.0,13.3326,406.3998,10.1672,0.9789,191.7594,12.5788
3038.57,2380.39,2205.5,1287.3538,2.3842,100.0,111.7644,0.1241,1.4855,-0.0034,-0.0103,0.9639,202.7426,0.0,10.7755,412.1746,10.4716,0.9749,192.271,12.5339
2902.88,2259.49,2205.5,1287.3538,2.3842,100.0,111.7644,0.1241,1.4089,0.0156,-0.0142,0.9688,200.3339,0.0,7.6398,412.8915,9.7944,0.9715,190.5395,12.5214
3001.45,2481.72,2162.5556,1041.0369,1.4305,100.0,100.4111,0.1238,1.6217,-0.0088,0.0064,0.9635,201.9292,0.0,8.666,417.5414,9.3732,0.9696,192.556,12.452
2975.72,2585.72,2150.0556,1215.2183,1.4756,100.0,100.9744,0.1244,1.4413,0.0086,-0.0173,0.9571,204.3916,0.0,13.7905,412.2705,9.8991,0.9666,194.4925,12.5214
3356.35,2815.31,2217.0,1436.8313,1.6604,100.0,93.6611,0.1199,1.5547,-0.0048,0.002,0.962,196.3053,0.0,13.3154,427.8671,9.7313,0.9691,186.574,12.2937
3053.48,2524.95,2215.8111,1389.3065,2.3183,100.0,98.45,0.1214,1.5718,0.0211,-0.0006,0.972,198.2412,0.0,10.2851,421.0322,9.7883,0.9761,188.4529,12.5718
2816.81,2557.2,2195.9778,1388.2869,1.5605,100.0,103.24,0.1234,1.4151,0.0213,-0.0179,0.9566,195.8147,0.0,10.7529,406.3675,9.8672,0.9644,185.9476,12.4361
3100.96,2507.02,2205.5,1287.3538,2.3842,100.0,111.7644,0.1241,1.5172,0.0074,-0.0077,0.9661,202.6372,0.0,9.3697,419.9955,10.1518,0.9701,192.4855,12.5382
2951.84,2477.13,2192.1889,1435.9611,2.387,100.0,107.3989,0.1229,1.4613,-0.0027,-0.0039,0.978,199.9289,0.0,11.1558,412.4685,9.8161,0.9804,190.1128,12.6241
3004.07,2458.88,2180.8889,1084.7221,0.9085,100.0,94.2467,0.1226,1.2957,0.0186,0.007,0.9676,193.584,0.0,8.6656,413.1059,10.2127,0.9745,183.3713,12.5339
2974.97,2479.73,2195.9778,1388.2869,1.5605,100.0,103.24,0.1234,1.4411,-0.0039,-0.0065,0.9579,202.4606,0.0,10.8377,415.4355,10.4429,0.9708,192.0177,12.5292
2987.8,2489.53,2216.8333,1468.5974,1.7074,100.0,95.9856,0.1203,1.3134,0.0158,0.0102,0.9634,193.9392,0.0,8.2138,421.5779,10.0893,0.97,183.8499,12.4363
2955.33,2521.87,2187.9889,1096.379,0.9065,100.0,97.6567,0.1221,1.3606,0.003,0.0107,0.9691,193.0174,0.0,9.9712,406.1335,10.423,0.9775,182.5944,12.452
3173.18,2428.64,2209.4667,1556.393,1.4884,100.0,95.1156,0.1206,1.6073,-0.0278,-0.0057,0.978,201.989,0.0,9.1785,415.2569,9.9421,0.9788,192.0469,12.5788
2990.57,2534.66,2162.5556,1041.0369,1.4305,100.0,100.4111,0.1238,1.6123,-0.0166,0.0017,0.9603,201.4521,0.0,8.7335,416.3166,9.407,0.9675,192.0452,12.5373
3219.75,2373.31,2239.4111,1080.4985,1.2079,100.0,115.6522,0.1203,1.3326,0.0314,0.0021,0.9767,199.5896,0.0,7.4488,413.0175,9.5974,0.9799,189.9923,12.5914
2962.45,2496.67,2281.5667,1161.3004,1114.5366,100.0,108.3144,0.0,1.3216,0.0489,0.0035,0.9664,199.7879,0.0,8.978,415.341,9.5924,0.9728,190.1955,12.5439
2949.12,2553.24,2176.8,1461.4374,0.8864,100.0,96.2367,0.1232,1.5576,-0.0205,0.0095,0.9777,194.6139,0.0,9.1436,414.1562,9.8634,0.9806,184.7505,12.6241
3047.38,2597.0,,,,,,0.0,1.386,0.0225,0.0018,0.9525,199.9191,0.0,9.0278,410.8521,9.5716,0.9615,190.3475,12.4361
3214.14,2445.56,2239.4111,1080.4985,1.2079,100.0,115.6522,0.1203,1.4857,0.016,0.002,0.9646,199.3795,0.0,7.3519,414.1151,9.5902,0.9704,189.7892,12.5263
3043.18,2574.43,,,,,,0.1207,1.3571,0.0324,-0.0007,0.9671,199.7352,0.0,11.3573,404.5955,10.0852,0.9709,189.65,12.4455
2976.92,2510.09,2187.9889,1096.379,0.9065,100.0,97.6567,0.1221,1.4471,-0.013,-0.007,0.9596,202.3199,0.0,11.497,413.0262,9.358,0.9672,192.9619,12.521
3059.44,2423.75,2239.4111,1080.4985,1.2079,100.0,115.6522,0.1203,1.412,0.0174,0.0067,0.9659,199.7805,0.0,15.3409,418.8917,9.4279,0.9702,190.3525,12.5263
2995.84,2504.48,2167.6888,1096.0264,1.5066,100.0,99.5989,0.1234,1.4133,-0.0078,-0.0076,0.9658,195.1813,0.0,12.8039,414.3287,9.3673,0.9701,185.814,12.3858
2913.84,2393.97,2218.8111,1021.2003,1.897,100.0,115.38,0.123,1.5302,0.0133,-0.0051,0.9663,199.5356,0.0,7.5335,403.1055,10.0185,0.9702,189.5171,12.3896
3022.41,2507.66,2239.4111,1080.4985,1.2079,100.0,115.6522,0.1203,1.5124,0.0229,0.0091,0.9682,199.5251,0.0,14.2835,420.9201,9.4623,0.9722,190.0628,12.5263
3026.86,2497.62,2306.1,0.0,1112.4728,100.0,88.4722,0.0,1.446,0.0107,-0.0026,0.9617,198.8831,0.0,7.8656,425.1352,9.7466,0.9711,189.1365,12.5469
3048.58,2531.02,2218.8111,1021.2003,1.897,100.0,115.38,0.123,1.5169,0.0093,0.0123,0.967,199.5676,0.0,7.5794,403.4427,10.0604,0.9709,189.5072,12.452
2928.89,2504.81,2236.1111,1546.5931,2.03,100.0,90.4233,0.1224,1.3663,-0.0123,-0.005,0.9692,196.6394,0.0,9.71,504.9312,10.054,0.9739,186.5854,12.4647
3006.8,2536.87,,,,,,0.0,1.4814,0.018,-0.0001,0.9703,199.4356,0.0,4.0678,416.3835,9.6558,0.9752,189.7798,9.8773
3051.8,2527.7,,,,,,0.0,1.4714,0.0049,-0.0034,0.9776,199.4483,0.0,9.1047,415.8009,9.7033,0.9804,189.745,12.5492
2900.29,2451.5,,,,,,0.0,1.3988,0.0185,-0.0047,0.9617,197.6899,0.0,14.3116,420.487,10.0382,0.9715,187.6517,9.8773
3051.1,2509.14,2195.1,1526.444,0.8279,100.0,96.31,0.1203,1.4718,0.01,-0.0122,0.9587,202.9634,0.0,14.8972,423.5936,9.6749,0.9674,193.2885,12.6308
2982.03,2507.74,2195.1,1526.444,0.8279,100.0,96.31,0.1203,1.3068,0.0042,-0.0153,0.9628,203.8107,0.0,14.7235,421.8452,9.6884,0.9706,194.1223,12.6308
3088.81,2590.62,2207.1,1298.4309,1.0251,100.0,96.9478,0.1203,1.2374,0.016,-0.0044,0.9671,196.6366,0.0,8.1245,408.8175,9.8586,0.9736,186.7781,12.6308
2969.65,2449.49,2184.4222,1017.9147,1.3713,100.0,99.4367,0.1213,1.2005,0.0081,-0.011,0.9647,204.5621,0.0,10.2994,417.2819,9.9699,0.9709,194.5922,12.6308
2963.26,2530.97,2199.3,1106.9703,0.8938,100.0,113.3544,0.1249,1.4498,0.0097,0.015,0.9543,203.0161,0.0,12.8735,410.5432,9.9175,0.9655,193.0986,12.5184
2936.59,2444.69,,,,,,0.0,1.4838,0.0033,0.005,0.9749,204.3297,0.0,14.4462,414.4435,9.8101,0.9773,194.5196,12.6614
2968.78,2451.53,2207.1,1298.4309,1.0251,100.0,96.9478,0.1203,1.3985,-0.0105,-0.014,0.9633,196.8639,0.0,7.2586,433.558,9.7712,0.9712,187.0928,12.6308
2898.17,2547.65,,,,,,0.0,1.4425,0.0222,0.0037,0.9689,199.394,0.0,6.9104,447.9228,9.6168,0.9741,189.7773,12.5204
3045.87,2493.72,2168.5111,1171.6442,0.8752,100.0,101.6567,0.1235,1.5442,-0.0135,0.0031,0.9627,202.3699,0.0,8.585,413.464,9.9425,0.9685,192.4274,12.5263
3750.670763065064,2383.76,2207.1,1298.4309,1.0251,100.0,96.9478,0.1203,1.3561,0.0021,-0.0012,0.9603,199.5669,0.0,16.8844,418.6359,9.7815,0.9692,189.7854,12.6308
3033.46,2424.39,2204.6667,1078.786,0.9152,100.0,103.9611,0.1196,1.2898,0.0187,0.0017,0.9624,203.6734,0.0,13.8815,417.341,9.5304,0.9665,194.143,12.4696
3064.53,2349.85,2182.5555,1261.0898,1.211,100.0,112.2922,0.1252,1.3708,0.0061,0.0033,0.9605,204.6342,0.0,15.4863,422.022,9.6424,0.9654,194.9919,12.5169
2959.51,2538.41,2195.1,1526.444,0.8279,100.0,96.31,0.1203,1.412,0.0093,-0.0138,0.9725,197.6313,0.0,14.2568,421.7796,9.6613,0.9749,187.97,12.5582
3068.72,2472.41,2195.1,1526.444,0.8279,100.0,96.31,0.1203,1.2462,0.0125,-0.0213,0.9639,204.9821,0.0,9.8808,419.2563,9.9048,0.9687,195.0773,12.6057
3000.24,2477.37,2207.1,1298.4309,1.0251,100.0,96.9478,0.1203,1.4642,0.0749,0.0118,0.9623,197.1559,0.0,14.0,425.2735,9.8258,0.9696,187.3301,12.4245
3284.82,2417.92,2201.2889,1015.437,2.1366,100.0,119.9011,0.1251,1.4279,-0.0047,-0.0068,0.9619,197.1495,0.0,12.4499,412.8615,9.9664,0.9719,187.1831,12.3235
2938.51,2515.15,2207.1,1298.4309,1.0251,100.0,96.9478,0.1203,1.2532,0.0089,-0.0058,0.9747,194.5885,0.0,8.2589,410.5451,9.8438,0.9782,184.7447,12.6337
3126.61,2426.76,2204.2889,2637.9989,1.5549,100.0,86.1089,0.1234,1.4005,0.0486,0.008,0.9621,196.4076,0.0,14.4799,426.604,9.906,0.9697,186.5015,12.5422
3016.68,2482.88,2204.6667,1078.786,0.9152,100.0,103.9611,0.1196,1.393,0.0495,0.0078,0.9659,196.7879,0.0,14.2058,421.8451,9.9601,0.974,186.8278,12.4245
3025.04,2590.88,2182.4111,3355.2007,1.4529,100.0,82.1311,0.1248,1.3639,0.0609,0.004,0.9634,201.1382,0.0,16.1815,425.1626,9.7261,0.9712,191.4121,12.3869
2983.64,2542.56,2182.4111,3355.2007,1.4529,100.0,82.1311,0.1248,1.5203,0.0424,0.015,0.9568,200.6989,0.0,9.2306,420.9236,9.8798,0.9676,190.8191,12.9898
3036.24,2548.46,2204.6667,1078.786,0.9152,100.0,103.9611,0.1196,1.3062,-0.0069,-0.0089,0.9711,197.9591,0.0,9.7063,421.2666,9.9885,0.9737,187.9706,12.4343
2990.46,2507.01,2204.6667,1078.786,0.9152,100.0,103.9611,0.1196,1.4058,0.0031,-0.0194,0.9623,204.9192,0.0,11.9908,430.9007,9.6358,0.9692,195.2834,12.4245
2911.22,2556.64,2204.2889,2637.9989,1.5549,100.0,86.1089,0.1234,1.4439,-0.0094,-0.0042,0.9633,196.609,0.0,15.3045,426.2342,9.8039,0.9717,186.8051,12.5582
2984.93,2432.38,2177.4333,2945.8855,1.3321,100.0,83.17,0.1253,1.3471,-0.0089,0.0135,0.9716,198.5826,0.0,15.961,424.6136,9.7997,0.9759,188.7828,12.4784
2987.19,2512.75,2191.5,1147.9162,0.9431,100.0,97.72,0.1212,1.4197,0.0026,-0.0023,0.9628,196.9179,0.0,12.7241,416.7496,9.9424,0.9724,186.9755,12.3557
2970.42,2494.39,2191.5,1147.9162,0.9431,100.0,97.72,0.1212,1.3264,-0.0018,0.0067,0.9638,197.3694,0.0,11.3795,403.4137,9.9023,0.9732,187.4671,12.4096
3190.97,2480.56,2181.1889,1338.8895,2.1195,100.0,108.14,0.1263,1.3976,0.0102,0.0043,0.9608,198.3192,0.0,11.7847,412.8539,9.8944,0.9685,188.4248,12.6037
2977.92,2538.37,2192.7556,867.3027,1.7393,100.0,123.4244,0.1251,1.3699,-0.0021,0.0082,0.9653,196.2391,0.0,12.6516,412.1643,9.9503,0.9741,186.2888,12.5422
3042.12,2444.67,2195.4444,2914.1792,1.5978,100.0,85.1011,0.1235,1.3829,-0.0019,0.0017,0.9679,197.1153,0.0,12.9499,413.0978,9.6074,0.9717,187.5079,12.5269
3070.74,2499.35,2181.1889,1338.8895,2.1195,100.0,108.14,0.1263,1.3508,0.0046,-0.0066,0.9758,196.4058,0.0,12.2875,411.6915,9.6589,0.9783,186.7469,12.651
3002.54,2549.85,2182.5555,1261.0898,1.211,100.0,112.2922,0.1252,1.2634,0.0052,-0.004,0.9728,196.8602,0.0,11.9019,413.3802,9.8414,0.9766,187.0188,12.648
3068.64,2498.02,2192.7556,867.3027,1.7393,100.0,123.4244,0.1251,1.4404,-0.005,0.0046,0.9627,196.9707,0.0,12.7147,417.0155,9.8898,0.9716,187.0809,12.4137
2983.24,2459.97,2187.9889,1096.379,0.9065,100.0,97.6567,0.1221,1.3573,-0.006,0.0085,0.9664,193.4051,0.0,10.0122,404.0235,10.3826,0.9755,183.0224,12.521
3073.57,2528.59,2217.4111,1032.2836,1.4802,100.0,101.3511,0.1195,1.4234,-0.0045,0.003,0.9768,196.7117,0.0,12.6488,409.9657,9.6006,0.9792,187.1111,12.4784
2962.43,2543.1,2201.2889,1015.437,2.1366,100.0,119.9011,0.1251,1.4448,0.0042,0.0017,0.962,197.4565,0.0,13.4669,415.699,9.8587,0.972,187.5979,12.5269
2918.48,2505.29,2204.6667,1078.786,0.9152,100.0,103.9611,0.1196,1.4174,0.0384,0.008,0.9663,195.5345,0.0,14.4055,423.699,9.8472,0.9727,185.6873,12.5582
2924.54,2451.31,2190.7666,3530.2362,0.8017,100.0,83.8767,0.1249,1.3207,-0.0116,-0.0128,0.9625,199.5963,0.0,18.0388,431.1893,9.8015,0.9732,189.7948,12.3896
3107.42,2404.67,2177.4333,2945.8855,1.3321,100.0,83.17,0.1253,1.4119,-0.0053,0.0056,0.9652,196.504,0.0,9.1036,411.1353,9.8386,0.9723,186.6655,12.6037
3033.22,2546.24,2187.3444,2882.8558,1.5876,100.0,85.4189,0.1235,1.316,-0.014,0.0007,0.9642,197.1669,0.0,8.4107,414.0499,9.7499,0.9718,187.4169,12.5596
2989.59,2506.0,2204.2889,2637.9989,1.5549,100.0,86.1089,0.1234,1.4089,0.0447,0.0027,0.9648,196.8566,0.0,15.3649,420.0638,10.004,0.9735,186.8526,12.5169
2921.78,2483.77,2177.4333,2945.8855,1.3321,100.0,83.17,0.1253,1.2769,-0.0074,0.0086,0.9667,197.467,0.0,13.3439,411.5272,9.957,0.9735,187.51,12.6037
2905.07,2493.47,2192.7556,867.3027,1.7393,100.0,123.4244,0.1251,1.4443,-0.0025,-0.0025,0.9641,197.1465,0.0,8.4577,412.5956,10.2437,0.9732,186.9028,12.5169
3026.67,2529.82,2192.7889,1268.5852,1.9935,100.0,104.5867,0.1268,1.4241,0.0008,-0.0031,0.9712,196.7202,0.0,12.0612,422.943,9.6702,0.9743,187.05,12.6057
2883.88,2515.46,2177.4333,2945.8855,1.3321,100.0,83.17,0.1253,1.3881,-0.0146,0.0048,0.9762,197.0141,0.0,10.6616,430.134,9.8374,0.9801,187.1766,12.5914
2996.65,2512.02,2191.3556,1111.4764,1.4549,100.0,97.1556,0.121,1.2956,0.0005,0.0046,0.9751,195.0127,0.0,12.1021,420.1645,10.2747,0.9789,184.7379,12.649
2992.07,2354.5,2191.3556,1111.4764,1.4549,100.0,97.1556,0.121,1.3636,-0.0103,-0.0056,0.967,197.4771,0.0,12.9528,430.2847,9.586,0.9713,187.8911,12.5394
2931.11,2485.99,2208.5889,1116.3316,0.8396,100.0,107.63,0.1207,1.3488,-0.0018,0.0035,0.9672,197.2649,0.0,10.549,413.7864,10.2677,0.9753,186.9972,12.6057
2966.2,2588.36,2192.7889,1268.5852,1.9935,100.0,104.5867,0.1268,1.4379,-0.0144,-0.0068,0.9704,196.0577,0.0,15.2552,419.9065,10.2869,0.9758,185.7708,12.4108
2984.99,2501.05,2190.7666,3530.2362,0.8017,100.0,83.8767,0.1249,1.3108,-0.0077,-0.012,0.977,199.3199,0.0,14.1414,420.0188,9.6442,0.9806,189.6757,12.649
3031.93,2580.67,2205.5,1287.3538,2.3842,100.0,111.7644,0.1241,1.6024,-0.0043,0.0032,0.9577,191.0777,0.0,10.8383,401.0626,9.9658,0.9652,181.1119,12.5214
3067.02,2608.21,2190.7666,3530.2362,0.8017,100.0,83.8767,0.1249,1.3059,0.0076,0.0021,0.977,196.9858,0.0,11.2121,419.5594,10.2397,0.9803,186.7461,12.6627
2949.9,2447.26,2264.7,1211.1291,0.8785,100.0,99.6356,0.1173,1.338,-0.0018,-0.0063,0.9759,197.2191,0.0,15.0503,424.8755,9.708,0.9805,187.5111,12.5061
3012.34,2416.09,2192.7889,1268.5852,1.9935,100.0,104.5867,0.1268,1.301,-0.006,0.0006,0.9766,196.9294,0.0,14.6744,429.8016,9.5945,0.9788,187.3349,12.4814
3018.7,2430.37,2192.7889,1268.5852,1.9935,100.0,104.5867,0.1268,1.3517,-0.0029,-0.0065,0.9656,197.561,0.0,14.5302,429.3525,9.5777,0.9696,187.9833,12.4343
2935.39,2575.41,2179.7333,3085.3781,1.4843,100.0,82.2467,0.1248,1.3076,0.0046,0.0044,0.9751,195.2444,0.0,9.5642,412.6753,10.1791,0.9796,185.0653,12.6088
3273.46,2276.93,2223.5333,1352.1869,0.8714,100.0,97.2189,0.1196,1.3511,0.012,-0.0049,0.9761,196.8531,0.0,12.1514,424.4775,9.6139,0.9783,187.2392,12.4933
2903.34,2585.48,2196.1111,1472.64,1.5599,100.0,94.6522,0.1212,1.5134,0.0036,-0.0055,0.9686,196.7158,0.0,12.1015,416.3427,10.1603,0.9736,186.5555,12.5547
2998.06,2465.43,2223.5333,1352.1869,0.8714,100.0,97.2189,0.1196,1.3454,-0.0032,0.0028,0.9709,197.2059,0.0,10.2245,423.5405,10.0565,0.9758,187.1494,12.6037
2943.76,2481.99,2190.7666,3530.2362,0.8017,100.0,83.8767,0.1249,1.3214,0.0009,-0.0074,0.9677,199.1401,0.0,14.6762,419.9804,9.6781,0.9736,189.4619,12.4267
3015.71,2531.5,2204.6667,1078.786,0.9152,100.0,103.9611,0.1196,1.3868,0.0184,0.0035,0.9591,205.2948,0.0,10.7448,422.4175,9.4675,0.9647,195.8273,12.5318
2930.66,2538.33,2187.3444,2882.8558,1.5876,100.0,85.4189,0.1235,1.2872,-0.0117,0.0364,0.9551,205.7439,0.0,10.9312,418.7533,9.6865,0.966,196.0574,12.3937
3142.21,2389.91,2223.5333,1352.1869,0.8714,100.0,97.2189,0.1196,1.3465,-0.0054,-0.017,0.9644,197.6639,0.0,12.8377,417.7611,9.4837,0.9691,188.1801,12.4096
2977.74,2611.5,2192.7889,1268.5852,1.9935,100.0,104.5867,0.1268,1.4241,-0.0043,-0.0012,0.9655,197.2154,0.0,8.9226,399.1635,10.5147,0.9747,186.7007,12.4267
3042.45,2530.96,2191.3556,1111.4764,1.4549,100.0,97.1556,0.121,1.3345,0.0085,0.0097,0.9703,196.752,0.0,12.7776,413.289,10.3091,0.9755,186.4429,12.3869
3051.2,2401.59,2190.7666,3530.2362,0.8017,100.0,83.8767,0.1249,1.3226,0.0025,0.0085,0.9778,198.5596,0.0,13.4235,422.4587,9.7023,0.9808,188.8572,12.479
3028.34,2499.72,2179.7333,3085.3781,1.4843,100.0,82.2467,0.1248,1.3307,-0.0077,0.0046,0.9594,197.2747,0.0,8.852,414.6622,10.2507,0.9698,187.024,12.3937
3068.78,2452.52,2217.4111,1032.2836,1.4802,100.0,101.3511,0.1195,1.4994,0.0,-0.006,0.9648,204.6972,0.0,11.004,408.419,9.8719,0.9685,194.8254,12.4055
3072.29,2354.24,2177.0333,1183.7287,1.5726,100.0,98.7978,0.1213,1.2963,-0.0059,-0.0077,0.9757,197.2896,0.0,12.7014,429.1395,9.3517,0.9795,187.9379,12.651
2959.86,2437.76,2192.7889,1268.5852,1.9935,100.0,104.5867,0.1268,1.4599,-0.0075,-0.0109,0.9648,196.7724,0.0,13.0184,422.0214,10.2894,0.9712,186.483,12.3896
3169.64,2563.95,2167.4222,2837.8788,1.4892,100.0,83.8222,0.1255,1.4378,-0.0007,0.0043,0.9636,204.5716,0.0,8.4475,405.3128,9.8455,0.9672,194.7261,12.5169
3011.32,2417.43,2184.9889,1124.2096,2.1987,100.0,114.5856,0.1265,1.3834,0.0002,-0.0026,0.9707,197.3856,0.0,12.0918,426.4408,9.1826,0.9741,188.203,12.4653
2969.29,2558.56,2155.8556,812.1294,1.0047,100.0,123.41,0.1263,1.3297,0.002,0.0016,0.9705,197.5638,0.0,11.3117,419.077,9.8215,0.9761,187.7423,12.5169
3028.64,2532.71,2192.7889,1268.5852,1.9935,100.0,104.5867,0.1268,1.3532,0.0006,0.0051,0.9678,197.651,0.0,8.633,416.3043,9.9888,0.9767,187.6622,12.4055
3059.59,2465.54,2191.3556,1111.4764,1.4549,100.0,97.1556,0.121,1.4663,-0.0123,-0.0019,0.9761,205.7271,0.0,6.5667,403.7625,10.1804,0.9788,195.5467,12.651
3006.22,2525.2,2192.7889,1268.5852,1.9935,100.0,104.5867,0.1268,1.4522,-0.0039,-0.0075,0.9621,205.1896,0.0,9.8013,410.3304,9.9052,0.9669,195.2844,12.4333
3128.11,2367.16,2223.5333,1352.1869,0.8714,100.0,97.2189,0.1196,1.3907,0.0074,0.0078,0.9614,206.1518,0.0,10.2565,422.2935,10.3447,0.9722,195.8071,12.3896
2908.94,2560.99,2187.3444,2882.8558,1.5876,100.0,85.4189,0.1235,1.4167,0.0041,-0.0056,0.9696,197.3067,0.0,10.241,413.497,9.0936,0.9732,188.2131,12.5596
2996.04,2555.92,2190.7666,3530.2362,0.8017,100.0,83.8767,0.1249,1.4158,-0.0029,0.0,0.9756,196.4876,0.0,8.7782,407.6755,10.2577,0.9799,186.2299,12.6627
3246.31,2499.79,2216.8111,1190.4067,2.5148,100.0,114.5533,0.123,1.3966,-0.0057,-0.0169,0.9766,196.7066,0.0,11.59,419.9885,9.1376,0.9788,187.569,12.649
2965.57,2487.91,2210.3556,910.7177,1.6941,100.0,119.8822,0.1268,1.3109,0.0174,0.0038,0.9712,198.7557,0.0,10.1855,406.7646,10.0471,0.9768,188.7086,12.4192
3109.18,2447.97,2210.3556,910.7177,1.6941,100.0,119.8822,0.1268,1.3502,0.0201,0.0037,0.9715,198.3003,0.0,11.2404,409.1461,10.0162,0.9767,188.2842,12.4192
3108.98,2537.73,2210.3556,910.7177,1.6941,100.0,119.8822,0.1268,1.2901,0.0202,0.0031,0.971,198.5649,0.0,10.3371,406.8378,10.0454,0.9765,188.5195,12.4192
3100.19,2490.6,2212.8445,1068.5644,1.7835,100.0,113.8833,0.1249,1.4294,-0.0014,0.0135,0.9751,198.2298,0.0,11.1683,418.488,9.2595,0.9766,188.9703,12.4192
3093.24,2488.18,2212.8445,1068.5644,1.7835,100.0,113.8833,0.1249,1.3482,0.006,0.0139,0.9734,197.7489,0.0,9.8197,413.5953,9.2547,0.975,188.4943,12.4555
3008.77,2542.36,2167.4222,2837.8788,1.4892,100.0,83.8222,0.1255,1.2895,0.0023,-0.0024,0.9725,203.9768,0.0,8.8905,410.8538,9.9181,0.9743,194.0587,12.6088
3027.01,2464.98,2212.6334,1081.5662,1.0096,100.0,113.4278,0.1253,1.441,0.0035,0.0142,0.9664,197.1271,0.0,8.7114,413.0515,9.2038,0.9698,187.9233,12.6092
3183.63,2498.0,2195.4444,2914.1792,1.5978,100.0,85.1011,0.1235,1.4129,-0.0081,-0.0005,0.9692,206.1546,0.0,9.1213,410.5477,10.3714,0.9766,195.7831,12.5453
3072.2,2406.47,2195.4444,2914.1792,1.5978,100.0,85.1011,0.1235,1.3148,-0.0024,0.0039,0.9698,197.2462,0.0,10.6286,419.9373,9.9551,0.9739,187.2912,12.5269
2958.43,2489.06,2192.7556,867.3027,1.7393,100.0,123.4244,0.1251,1.4386,-0.0179,-0.0048,0.958,204.1995,0.0,12.0395,423.1666,10.2245,0.9696,193.9751,12.5318
2939.35,2521.98,2195.1,1526.444,0.8279,100.0,96.31,0.1203,1.4366,0.0083,-0.0029,0.9676,197.5556,0.0,8.5775,402.9121,9.9102,0.9733,187.6454,12.452
3020.79,2500.19,2210.3556,910.7177,1.6941,100.0,119.8822,0.1268,1.3405,0.0201,0.0018,0.9706,197.6796,0.0,10.4652,411.7631,10.0462,0.976,187.6334,12.4192
3031.78,2528.55,2182.5555,1261.0898,1.211,100.0,112.2922,0.1252,1.3485,0.0151,0.0003,0.9693,197.2941,0.0,9.8858,410.2755,10.2769,0.9752,187.0171,12.5582
2902.96,2515.03,2181.1889,1338.8895,2.1195,100.0,108.14,0.1263,1.3255,-0.0052,-0.0016,0.9721,197.0672,0.0,10.1901,417.7591,10.2815,0.9773,186.7857,12.6037
3025.21,2503.3,2179.7333,3085.3781,1.4843,100.0,82.2467,0.1248,1.3687,-0.007,-0.0033,0.9616,203.747,0.0,10.0892,415.3753,10.2357,0.9718,193.5113,12.5373
3072.1,2534.87,2177.4333,2945.8855,1.3321,100.0,83.17,0.1253,1.4359,-0.0114,0.0096,0.9749,198.0586,0.0,9.562,410.3331,10.5052,0.9802,187.5534,12.4933
3012.3,2466.84,2217.4111,1032.2836,1.4802,100.0,101.3511,0.1195,1.3832,0.0042,0.0023,0.97,197.0611,0.0,8.6079,412.41,9.4759,0.9735,187.5852,12.4386
3076.33,2456.13,2217.4111,1032.2836,1.4802,100.0,101.3511,0.1195,1.312,-0.0043,-0.0063,0.9707,197.1494,0.0,9.5226,418.6958,9.48,0.9741,187.6694,12.6037
2770.4,2549.42,2204.2889,2637.9989,1.5549,100.0,86.1089,0.1234,1.2811,0.0037,0.0017,0.9578,206.3719,0.0,10.0726,422.2221,10.3376,0.9698,196.0343,12.4137
2951.14,2326.59,2212.6334,1081.5662,1.0096,100.0,113.4278,0.1253,1.4492,-0.0134,0.0127,0.9645,202.8564,,,,,,,12.6092
2899.41,2464.36,2179.7333,3085.3781,1.4843,100.0,82.2467,0.1248,1.3424,-0.0045,-0.0057,0.9579,203.9867,0.0,11.7692,419.3404,10.2397,0.9693,193.747,12.5373
3052.31,2522.55,2198.5667,1124.6595,0.8763,100.0,98.4689,0.1205,1.4333,-0.0061,-0.0093,0.9618,204.0173,0.0,9.162,405.8178,10.2285,0.9696,193.7889,12.402
2978.81,2379.78,2206.3,1110.4967,0.8236,100.0,99.4122,0.1208,,,,,,,,,,,,12.4555
2894.92,2532.01,2177.0333,1183.7287,1.5726,100.0,98.7978,0.1213,1.4622,-0.0072,0.0032,0.9694,197.2448,0.0,9.7354,401.9153,9.863,0.974,187.3818,12.3937
2944.92,2450.76,2195.4444,2914.1792,1.5978,100.0,85.1011,0.1235,,,,,,,,,,,,12.479
